reag,count
None,1425652
Cl,50072
CCN(CC)CC,40415
[Na+].[OH-],35159
O,33958
O=C([O-])[O-].[K+].[K+],33058
CCN(C(C)C)C(C)C,30761
[H-].[Na+],19899
O=C(O)C(F)(F)F,16784
O=C([O-])O.[Na+],15058
O=C([O-])[O-].[Na+].[Na+],9109
O=C([O-])[O-].[Cs+].[Cs+],8843
[Li+].[OH-],8686
CN(C)C(=[O+]n1nnc2cccnc21)N(C)C.F[P-](F)(F)(F)(F)F,8668
[BH4-].[Na+],8610
c1ccc(P(c2ccccc2)c2ccccc2)cc1,8044
Cl.N,7840
On1nnc2ccccc21,7712
CO,7555
c1ccncc1,7515
[Al+3].[H-].[H-].[H-].[H-].[Li+],6932
CCN=C=NCCCN(C)C.Cl,6853
[HH],6668
[K+].[OH-],6459
CC(=O)O,6413
[CH2]CCC.[Li],5494
CC(=O)O[BH-](OC(C)=O)OC(C)=O.[Na+],5460
O=S(=O)(O)O,5371
C1CCOC1,5340
CN(C)C=O,5149
CCOC(C)=O,4957
O.[Li+].[OH-],4934
BrB(Br)Br,4181
CCO,3865
NN.O,3706
CCCC[N+](CCCC)(CCCC)CCCC.[F-],3530
O=C(Cl)C(=O)Cl,3387
CI,3358
O=C(OO)c1cccc(Cl)c1,3341
CC(=O)[O-].[K+],3229
ClCCl,3154
CCN=C=NCCCN(C)C,3100
[BH3-]C#N.[Na+],2970
Cl.NO,2921
C1COCCO1,2904
CS(C)=O,2828
O=N[O-].[Na+],2747
[N]N=[N-].[Na+],2694
O=[N+]([O-])O,2623
[Al+3].[Cl-].[Cl-].[Cl-],2594
c1c[nH]cn1,2565
O=S(Cl)Cl,2457
[I-].[Na+],2400
ClCCCl,2399
O=P([O-])([O-])[O-].[K+].[K+].[K+],2341
CN1CCOCC1,2307
N,2264
OO,2094
CC(=O)[O-].[Na+],2065
Br,2035
CC(C)(C)[O-].[K+],2014
[I-].[K+],1913
CN(C)C(=[O+]n1nnc2ccccc21)N(C)C.F[B-](F)(F)F,1880
CCOCC,1819
C1CCC2=NCCCN2CC1,1807
Cc1ccc(S(=O)(=O)O)cc1,1778
C[O-].[Na+],1749
C1CCNCC1,1747
CC(=O)OI1(OC(C)=O)(OC(C)=O)OC(=O)c2ccccc21,1719
N.O,1694
CC1(C)c2cccc(P(c3ccccc3)c3ccccc3)c2Oc2c(P(c3ccccc3)c3ccccc3)cccc21,1668
C(=NC1CCCCC1)=NC1CCCCC1,1660
CN(C)C(=[O+]n1nnc2ccccc21)N(C)C.F[P-](F)(F)(F)(F)F,1614
O=P(Cl)(Cl)Cl,1600
Cc1ccccc1,1570
C=O,1459
O=C(n1ccnc1)n1ccnc1,1428
CCOC(=O)N=NC(=O)OCC,1355
O.On1nnc2ccccc21,1322
CC[SiH](CC)CC,1309
C[Si](C)(C)[N-][Si](C)(C)C.[Li+],1307
CCOC(C)=O.Cl,1255
CCCCP(CCCC)CCCC,1198
N.O=CO,1159
CC(C)(C)[O-].[Na+],1150
CC#N,1137
[Na],1108
C1COCCO1.Cl,1073
O=C(N=NC(=O)N1CCCCC1)N1CCCCC1,1035
[BH4-].[Li+],1028
O=S([O-])([O-])=S.[Na+].[Na+],996
CN(C)[P+](On1nnc2ccccc21)(N(C)C)N(C)C.F[P-](F)(F)(F)(F)F,993
CC(C)OC(=O)N=NC(=O)OC(C)C,974
Cc1ccc(S(=O)(=O)O)cc1.O,966
COc1ccc(P2(=S)SP(=S)(c3ccc(OC)cc3)S2)cc1,944
CC(C)OC(=O)/N=N/C(=O)OC(C)C,940
CC(=O)O.N,917
O.O.[Cl-].[Cl-].[Sn+2],912
N#N,907
CC(C)NC(C)C,859
O=C(OOC(=O)c1ccccc1)c1ccccc1,817
CCCCCC,781
[Al+].[CH2]C(C)C.[CH2]C(C)C.[H-],774
[Cl-].[Cl-].[Sn+2],765
B.C1CCOC1,750
On1nnc2cccnc21,742
O=C(O)CC(O)(CC(=O)O)C(=O)O,741
[C-]#N.[Na+],739
CCOC(=O)/N=N/C(=O)OCC,718
C[Si](C)(C)Cl,717
CC(C)(C#N)N=NC(C)(C)C#N,711
Cl.[Cr+].[O-].[O].[O].c1ccncc1,709
CC(=O)OC(C)=O,687
Cl.c1ccncc1,685
[F-].[K+],665
CC(C)[N-]C(C)C.[Li+],656
CC(C)COC(=O)Cl,635
[Cl-].[Na+],627
[Mg],608
[Cl-].[Li+],588
F[P-](F)(F)(F)(F)F.c1ccc2c(c1)nnn2O[P+](N1CCCC1)(N1CCCC1)N1CCCC1,565
CC[O-].[Na+],552
CC(C)OB(OC(C)C)OC(C)C,542
[Al].[CH3].[CH3].[CH3],528
[Al].[CH2]C(C)C.[CH2]C(C)C.[H],527
O=S([O-])S(=O)[O-].[Na+].[Na+],519
CS(=O)(=O)Cl,519
II,515
[N-]=[N+]=NP(=O)(c1ccccc1)c1ccccc1,515
O=CO,508
COCCOC,502
[C-]#N.[K+],497
O=C(OC(=O)C(F)(F)F)C(F)(F)F,496
CCOC(=O)Cl,487
CC(C)O,482
O=S(O)O[O-].[K+],478
NN,471
Cc1cccc(C)n1,463
CCCP1(=O)OP(=O)(CCC)OP(=O)(CCC)O1,461
O=S([O-])[O-].[Na+].[Na+],459
Cc1ccccc1P(c1ccccc1C)c1ccccc1C,458
O=[N+]([O-])[O-].[K+],449
[Cs+].[F-],448
Cc1ccc(S(=O)(=O)O)cc1.c1ccncc1,442
ClC(Cl)Cl,432
B,425
COB(OC)OC,424
O=S([O-])O.[Na+],423
O=S(=O)([O-])[O-].[Na+].[Na+],418
C1CCC(P(C2CCCCC2)C2CCCCC2)CC1,414
BrBr,407
CCOCC.FB(F)F,392
C[N+]1([O-])CCOCC1,385
COc1ccccc1,383
O=S(=O)([O-])[O-].[Mg+2],375
CO.Cl,368
C[CH]C.[Cl-].[Mg+],366
C[Si](C)(C)[N-][Si](C)(C)C.[Na+],364
CC(=O)Cl,363
CC(C)=O,361
O=C(O)[C@@H]1CCCN1,337
CS(=O)(=O)O,336
CCCCCC.CCOC(C)=O,330
[Br-].[K+],322
C[Si](C)(C)I,319
[Ca+2].[Cl-].[Cl-],316
[K+].[Mn].[O-].[O].[O].[O],314
O=C1CCC(=O)N1Br,312
ClB(Cl)Cl,311
CCOP(=O)(C#N)OCC,308
CN1CCCC1=O,299
CN,298
C[C](C)C.[Li],297
CC=C(C)C,297
CO.ClCCl,286
O.O.O.O.O.O.O.O.O.O.O=S(=O)([O-])[O-].[Na+].[Na+],284
C1CCNC1,283
CC(Cl)OC(=O)Cl,279
C1COCCOCCOCCOCCOCCO1,269
C1CN2CCN1CC2,264
CSC,262
Br[P+](N1CCCC1)(N1CCCC1)N1CCCC1.F[P-](F)(F)(F)(F)F,262
Cc1ccc(S(=O)(=O)Cl)cc1,261
B.CSC,258
ClCCl.O=C(O)C(F)(F)F,254
CN(C)c1ccccn1,248
CC(C)(C)OC(=O)N=NC(=O)OC(C)(C)C,247
CC(C)=O.O=S(=O)(O)O.[Cr].[O].[O].[O],244
O=S(=O)([O-])O.[K+],239
c1ccccc1,237
CNCCNC,235
CC(C)(C)ON=O,227
CC(C)(C)P(C(C)(C)C)C(C)(C)C,226
CN(C)CCN(C)C,225
CC1(C)OB(B2OC(C)(C)C(C)(C)O2)OC1(C)C,221
CN(C)c1ccccc1,220
COS(=O)(=O)OC,217
O=[O+][O-],216
O=P([O-])(O)O.[Na+],214
C1=CCCCC1,212
CC(C)N=C=NC(C)C,211
CC(C)OC(C)C,206
O=[Se]=O,205
ClCl,204
O=S(=O)(O)C(F)(F)F,202
N#CC1=C(C#N)C(=O)C(Cl)=C(Cl)C1=O,202
[Na+].[O-]Cl,202
[Cr].[Cr].[O-].[O-].[O].[O].[O].[O].[O].c1cc[nH+]cc1.c1cc[nH+]cc1,201
CCN1CCOCC1,201
Cl.Cl.Nc1c(F)c(N)c(F)c(F)c1F,200
S=P12SP3(=S)SP(=S)(S1)SP(=S)(S2)S3,200
[I-].[Li+],199
NCCN,199
C,194
[Cl-].[Cl-].[Cl-].[Cl-].[Sn+4],193
C[Si](C)(C)Br,188
CN[C@@H]1CCCC[C@H]1NC,186
[Br-].[Li+],183
O=P12OP3(=O)OP(=O)(O1)OP(=O)(O2)O3,180
N[C@@H]1CCCC[C@H]1N,179
ClP(Cl)(Cl)(Cl)Cl,172
Oc1cccc2nn[nH]c12,170
CNC,170
CN(C)C(n1n[n+]([O-])c2ncccc21)=[N+](C)C.F[P-](F)(F)(F)(F)F,168
CCNCC,166
O=C([O-])[O-].[Ca+2],165
C[Si](C)(C)[N-][Si](C)(C)C.[K+],164
CN.Cl,164
B1C2CCCC1CCC2,164
[CH2]CCC.[CH2]CCC.[O].[Sn],164
CC#N.O,164
C1COCCOCCOCCOCCO1,163
CCN(CC)CC.Cc1ccccc1,163
COC(C)(C)C,160
CC(C)(C)O,154
OCCO,153
CCOC(=O)CBr,153
CCS,149
CO.C[O-].[Na+],149
C1COCCN1,146
CC(=O)N(C)C,145
O=C=O,144
CCN(CC)CC.Cl,142
Oc1ccccc1,141
CCCCCC.[CH2]CCC.[Li],140
N.N.O=C(O)O,139
C[Si](C)(C)[O-].[K+],138
CC(C)CCON=O,138
O=C1OCCN1P(=O)(Cl)N1CCOC1=O,138
O=C(Cl)c1cccc(Cl)c1,137
N=C(N)O,135
N.N.O=[N+]([O-])[O-].O=[N+]([O-])[O-].O=[N+]([O-])[O-].O=[N+]([O-])[O-].O=[N+]([O-])[O-].[Ce+4].[O-][N+](O)=[OH+],135
C1N2CN3CN1CN(C2)C3,134
O=O,134
C[Si](C)(C)OS(=O)(=O)C(F)(F)F,132
O=C([O-])O.[K+],131
O=S(=O)(OS(=O)(=O)C(F)(F)F)C(F)(F)F,131
CC1(C)C2CCC1(CS(=O)(=O)O)C(=O)C2,131
C1CCOC1.CCCC[N+](CCCC)(CCCC)CCCC.[F-],130
C[CH]CC.[Li],128
S,126
C1CCNCC1.CC(=O)O,126
CO.N,123
CCOC(=O)C(C#N)=N[O+]=C(N(C)C)N1CCOCC1.F[P-](F)(F)(F)(F)F,123
CP(C)C,122
N=C(N)S,121
O=S=O,120
BrB(Br)Br.ClCCl,119
O=C1CCC(=O)N1Cl,118
Oc1cccc2cccnc12,118
COc1ccc2[nH]c(=N)sc2c1,118
CN(C)C(=O)N=NC(=O)N(C)C,117
CCOCC.Cl,115
I,114
[Cl-].[Cl-].[Mg+2],114
O=C1O[C@H]([C@@H](O)CO)C([O-])=C1O.[Na+],114
O=P(Cl)(c1ccccc1)c1ccccc1,113
C[Si](C)(C)CC(=N)O,113
CC(C)C[C@H]1CN(C(=O)/C=C/c2ccccc2)[C@@H](CC(C)C)C(O)=N1,111
CO.ClC(Cl)Cl,105
O=P(O)(O)O,105
F[B-](F)(F)F.[H+],104
O=S(=O)([O-])C(F)(F)F.O=S(=O)([O-])C(F)(F)F.O=S(=O)([O-])C(F)(F)F.[Yb+3],104
O=P([O-])(O)O.[K+],104
CC(C)=O.O=C=O,103
O=C([O-])[O-].[Li+].[Li+],102
NS(=O)(=O)O,102
O.Oc1cccc2nn[nH]c12,102
F[B-](F)(F)F.F[B-](F)(F)F.F[N+]12CC[N+](CCl)(CC1)CC2,102
CS(N)(=O)=O,102
O=S(=O)(O)Cl,101
BrCC1CCCCO1,101
O=C([O-])C(O)C(O)C(=O)[O-].[K+].[Na+],100
CCCC[N+](CCCC)(CCCC)CCCC.CCCC[N+](CCCC)(CCCC)CCCC.CCCC[N+](CCCC)(CCCC)CCCC.[Br-].[Br-].[Br-],99
CCOP(=O)(OCC)On1nnc2ccccc2c1=O,99
CN1CCN(C)C1Cl.Cl,97
Br.CC(=O)O,96
C[n+]1ccccc1Cl.[I-],96
COC(OC)OC,94
[Sn],93
O=[N+]([O-])[O-].[Na+],93
ClP(Cl)Cl,93
COc1nc(OC)nc([N+]2(C)CCOCC2)n1.[Cl-],92
CC(C)=C(Cl)N(C)C,92
OC(=NCC1Cc2cccc(C3CCCC3)c2O1)OCc1ccccc1,91
C1CCOC1.CO,90
Br.Br.Br.c1ccncc1.c1ccncc1.c1ccncc1,88
CC(C)(C)OO,88
NC(CO)(CO)CO,87
[Li],85
O.O.[Cl-].[Cl-].[Cl-].[Cl-].[Sn+4],84
CSc1ccccc1,83
CCC(C)[BH-](C(C)CC)C(C)CC.[Li+],83
Sc1ccccc1,83
C[P+](C)(C)CC#N.[I-],83
C[N+](C)(C)c1ccccc1.C[N+](C)(C)c1ccccc1.C[N+](C)(C)c1ccccc1.[Br-].[Br-].[Br-],83
CC(=O)OO,82
[Br-].[CH2]C.[Mg+],82
Cn1ccnc1,81
N#CBr,81
[K],80
[CH2]CCC.[CH2]CCC.[CH2]CCC.[H].[Sn],80
[H-].[Li+],80
[O-][Cl+3]([O-])([O-])O,79
C[Si](C)(C)C#N,79
Nc1ccccc1,78
c1ccc(Oc2ccccc2)cc1,78
Clc1ccccc1Cl,78
CNN,78
CCCP(=O)=O,78
CC(C)(C)C(=O)Cl,78
c1cnc2c(c1)ccc1cccnc12,78
O=C[C@H](O)[C@@H](O)[C@H](O)[C@H](O)CO,76
CCO.Cl,75
NC1CC1,73
CC(=O)[O-].O.O.O.[Na+],72
CCCCO,71
O=C([O-])[C@H](O)[C@@H](O)C(=O)[O-].[K+].[Na+],71
CCCCP(=CC#N)(CCCC)CCCC,71
CN(C)C(=N)N(C)C,70
CC1(C)CCCC(C)(C)N1[O],69
[Cl-].[NH3+]O,69
OBO,69
CC(C)(C)OC(=O)OC(=O)OC(C)(C)C,69
Clc1nc(Cl)nc(Cl)n1,68
CN(C)P(=O)(N(C)C)N(C)C,68
O=C1C(Br)=C(c2ccccc2)c2ccc(OCCN3CCOCC3)cc21,68
O=S(=O)(Cl)Cl,67
CCCCCCC,67
F.c1ccncc1,67
ClC(Cl)(Cl)Cl,66
CCCCN,66
CC(=O)O.CC(=O)O.Ic1ccccc1,65
NCc1ccccc1,65
O=C(O)c1ccccc1I(=O)=O,65
COC(=O)Cl,65
O=S(=O)(c1ccccc1)n1cc(I)c2ccc(F)cc21,65
[Al],64
C1CCCCC1,64
C[S-].[Na+],63
Cc1cc(C)nc(C)c1,63
[C-]#[O+],62
CCOC(=O)C(C#N)=N[O+]=C(N(C)C)N(C)C.F[B-](F)(F)F,60
O=C(O)c1ccccn1,60
BrCCBr,60
C1CCOC1.C[Si](C)(C)[N-][Si](C)(C)C.[Li+],60
C[Si](C)(C)C=[N+]=[N-],59
CCOC(OCC)OCC,59
F,59
CO[C@@H](Cc1ccc(OCCCOc2ccccc2)cc1)C(=O)O,59
O=P([O-])([O-])O.[K+].[K+],59
CCCc1c(CNC)ccc2ccccc12,59
CCO[C@@H](Cc1ccc(O[C@H](C)C(O)=NCCc2ccc(Oc3ccccc3)cc2)cc1)C(=O)O,59
C1CCOC1.O,58
COC(=O)C[C@@H]1COc2cc(O[C@@H]3CCc4c(Br)ccc(F)c43)ccc21,58
NCCO,57
CCCCC,57
CN(C)CC(=O)O.Cl,57
C[Si](C)(C)C(C(=N)O)[Si](C)(C)C,56
Nc1ccccc1N,56
CN(C)CC(=O)O,56
FB(F)F,55
CCCC[N+](CCCC)(CCCC)CCCC.O.O.O.[F-],55
c1ccc(OP(Oc2ccccc2)Oc2ccccc2)cc1,55
CCN(CC)CC.F.F.F,55
O=S(=O)([O-])O.[Na+],54
O=C1C(Cl)=C(Cl)C(=O)C(Cl)=C1Cl,54
N=c1cc[nH][nH]1,54
CCN(CC)c1ccccc1,53
N=C=N,53
O=C1CCC(=O)N1O,53
CN(C)C(=[O+]c1c(F)c(F)c(F)c(F)c1F)N(C)C.F[P-](F)(F)(F)(F)F,53
CCO.O,52
CC(C)C[C@H]1CN(C(=O)[C@@H]2C[C@H]2c2ccccc2)[C@@H](CC(C)C)C(O)=N1,52
CC(C)(C)[PH+](C(C)(C)C)C(C)(C)C.F[B-](F)(F)F,52
CC1(C)CCCC(C)(C)N1,52
BrC(Br)(Br)Br,52
CC[N+](CC)(CC)S(=O)(=O)N=C([O-])OC,51
C[Si](C)(C)N[Si](C)(C)C,51
c1ccc2ncccc2c1,50
COCC[O-].COCC[O-].[Al+].[H].[H].[Na+],50
O=[N+]([O-])[N+](=O)[O-],50
CN(C)C(=O)Cl,50
[Al-].[H].[H].[H].[H].[Li+],49
[Br-].[CH3].[Mg+],49
CC(Cl)Cl,49
C[CH]C.[Cl-].[Cl-].[Li+].[Mg+],49
O.O=P([O-])(O)O.[Na+],49
CCN(CC)P1(=NC(C)(C)C)N(C)CCCN1C,49
CN1CCCC1,49
CC[O+](CC)CC.F[B-](F)(F)F,49
CN(C)C(n1n[n+]([O-])c2ccccc21)=[N+](C)C.F[P-](F)(F)(F)(F)F,49
c1ccsc1,48
CCOC(C)=O.CO,48
COCC[O-].COCC[O-].[Al+3].[H-].[H-].[Na+],48
O=S(=O)(c1ccccc1)N1OC1c1ccccc1,48
O=C(Cl)Cl,48
COP([O-])(OC)=C([N+]#N)C(C)=O,48
c1ccc(P(CCCP(c2ccccc2)c2ccccc2)c2ccccc2)cc1,48
O=C(OI(OC(=O)C(F)(F)F)c1ccccc1)C(F)(F)F,48
CN1CC(O)=Nc2ncc(/C=C/C(=O)O)cc2C1.Cl,47
O=P(c1ccccc1)(c1ccccc1)c1ccccc1,47
CC(C)(C)C(=O)CC(=O)C(C)(C)C,47
O=C(/N=N/C(=O)OCc1ccccc1)OCc1ccccc1,47
O.[Cl-].[Cl-].[Sn+2],46
[S],46
C1=CCC=CC1,46
F[B-](F)(F)F.O=[N+]=O,46
CB1OC(c2ccccc2)(c2ccccc2)[C@H]2CCCN12,46
O=PO,46
c1nn[nH]n1,46
CC(=O)O.NN,45
CC(C)(C)OC(=O)N1CCC(c2nc(O)c3oc4ccc(Br)cc4c3n2)CC1,45
O=C(OC(Cl)(Cl)Cl)OC(Cl)(Cl)Cl,45
CO.ClCCl.N,44
O=S(=O)=O.c1ccncc1,44
O=C(O)C(=O)O,44
[K+].[N]N=[N-],44
[Al+].[CH3].[CH3].[Cl-],44
[Li+].[O-][Cl+3]([O-])([O-])[O-],43
B#B,43
CCOC(=O)OC(=O)OCC,43
CNOC.Cl,43
CC(C)(C)OC(=O)/N=N/C(=O)OC(C)(C)C,43
O=C[O-].[Na+],43
[NH2-].[Na+],42
Cc1ccccc1C,42
CCOC(=O)N1c2ccccc2C=CC1OCC,42
O=C(O)c1ccccc1,42
[Ca+2].[OH-].[OH-],42
NS(N)(=O)=O,42
NO.O=S(=O)(O)O,42
CCCI,42
[Br-].[Na+],42
Oc1c(F)c(F)c(F)c(F)c1F,42
CN(C)c1cccc2cccc(N(C)C)c12,41
OCC(F)(F)F,41
CCC(=O)O,41
OB(O)O,41
O.O=P([O-])([O-])[O-].[K+].[K+].[K+],41
CC(C)(C)C(=O)O,41
CC(C)OC(=O)Cl,41
B#[B-]B=BB=BB=BB=[B+],40
O=[N+]([O-])[O-].[Ag+],40
Cc1ccccc1S(=O)(=O)O,40
NCCC(=O)O,40
CCOP(=O)(Cl)OCC,40
Cc1cn([C@H]2C[C@H](O)[C@@H](CO)O2)c(=O)nc1O,40
Oc1ccc2c(c1)OCO2,40
CC(=O)OI(OC(C)=O)c1ccccc1,40
CCOC(=O)N=NC(=O)OCC.Cc1ccccc1,40
ClC(Cl)(Cl)C(Cl)(Cl)Cl,40
O=S([O-])S(=O)(=O)[O-].[Na+].[Na+],39
C=CCBr,39
CCN=C=NCCCN(CC)CC.Cl,39
COCC(C)O,39
CB1OC(c2ccccc2)(c2ccccc2)[C@@H]2CCCN12,38
C[O-].[Li+],38
CB1OB(C)OB(C)O1,38
O.O=C([O-])O.[Na+],37
CC[BH-](CC)CC.[Li+],37
c1ccc2[nH]ncc2c1,37
CC1(C)C(=O)N(Br)C(=O)N1Br,37
CC(C)(C)c1nc(N2CCC(F)(F)C2)c2nn[nH]c2n1,37
C/C(=N\[Si](C)(C)C)O[Si](C)(C)C,36
F.N,36
O.O.O=P([O-])(O)O.[Na+],36
CN1CCCN(C)C1=O,36
CCOC(C)=O.O,36
O=S(=O)([O-])C(F)(F)F.[Li+],35
CCC(C)=O,35
Cc1cc(C(C)(C)C)nc(C(C)(C)C)c1,35
N=C(N)O.OO,35
OB(O)c1ccccc1,35
CN1C(=O)CC(=O)N(C)C1=O,35
CCCCN(CCCC)CCCC,35
CCCCCCC.CCOC(C)=O,35
O=C(Cl)Oc1ccccc1,35
CC[S-].[Na+],34
O=S1(=O)CCCC1,34
Cc1ccccc1.[Al+].[CH2]C(C)C.[CH2]C(C)C.[H-],34
NCC1CCCCC1,34
N#Cc1ccc2ccc(=O)n(CCN3CCC(N)CC3)c2c1,34
CC(=O)[O-].CC(=O)[O-].CC(=O)[O-].CC(=O)[O-].[Pb+4],34
C[Si](C)(C)N[Si](C)(C)C.[Li],34
CCCCOCCCC,34
C[O-].C[O-].[Mg+2],34
O=C(O)c1cccc(CN2C(=O)C3(COc4cc5c(cc43)CCO5)c3ccccc32)c1,34
CN1C(C)(C)CC(Sc2ccc(B3OC(C)(C)C(C)(C)O3)cc2)CC1(C)C,34
O=C(c1ncc[nH]1)c1ncc[nH]1,33
CC(C)C1=CC(C(C)C)=C(c2ccccc2)C(C(C)C)(P(C2CCCCC2)C2CCCCC2)C1,33
FC(F)(F)c1ccc(CBr)o1,33
COc1nc(Cl)nc(OC)n1,33
Oc1ccc(O)cc1,33
[Ce+3].[Cl-].[Cl-].[Cl-],33
CCO.Cc1ccccc1.O,33
[Na+].[Na+].[S-2],32
O.O.O.O.[Na+].[O-]B1OO1,32
O=Cc1ccccc1,32
Cc1cc(C)nc(N2C[C@@H]3CCNC[C@@H]32)n1,32
CN(C)CCN,32
[SiH3]c1ccccc1,32
CN(C)C(=[O+]N1C(=O)CCC1=O)N(C)C.F[B-](F)(F)F,32
P,31
N#Cc1ccccc1N1CCNCC1,31
CC(C)C[C@H]1CN(C(=O)c2ccc(Oc3ccccc3)cc2)[C@@H](CC(C)C)C(O)=N1,31
O.O=S(=O)([O-])c1cccc(P(c2cccc(S(=O)(=O)[O-])c2)c2cccc(S(=O)(=O)[O-])c2)c1.[Na+].[Na+].[Na+],31
N.O=C(O)O,31
CCC(C)(C)O,31
[Cl-].[Cl-].[Cl-].[In+3],31
CCC1(CC)CC(CCOS(=O)(=O)c2ccc(C)cc2)OC1=O,31
CC(C)(C)OC(O)=N[C@@H](Cc1ccccc1C(F)(F)F)C(=O)O,31
CC(C)(C)[Si](C)(C)OS(=O)(=O)C(F)(F)F,30
CCB(CC)CC,30
ClCCl.O=C([O-])O.[Na+],30
CC(C)O.Cl,29
O=S(=O)(O)O.O=S(=O)=O,29
CN1CCCCC1,29
CCCC[N+](CCCC)(CCCC)CCCC.[OH-],29
OC1CCNC1,29
O=C1N(CCC2CC2)c2ccccc2C1(CO)c1cc2c(cc1O)OCO2,29
NO,29
CCCS(=O)(=O)c1cccc(C#Cc2cc(Cl)ccc2OCC(=O)OC(C)(C)C)c1,29
CC=O,29
ICI,29
COc1ccc2ccc(=O)n(CCN3CCC(N=C(O)OC(C)(C)C)CC3)c2c1,29
Cc1ccc(Cl)cc1N1C(=O)c2cc(Br)n(C(C)C)c2C1c1ccc(Cl)cc1,29
Oc1cc(CCc2ccccc2)nnc1O,29
CCOB(OCC)OCC,29
N#CC1(N=NC2(C#N)CCCCC2)CCCCC1,28
O=S(=O)([O-])O[O-].[K+].[K+],28
CC(C)[O-].CC(C)[O-].CC(C)[O-].[Al+3],28
O.O.O.O.O.O.O.O.[Ba+2].[OH-].[OH-],28
CC[B-](CC)CC.[Li+],28
CCOC(C)O,28
Cc1cccc([N+](=O)[O-])c1C(=O)OC(=O)c1c(C)cccc1[N+](=O)[O-],28
C[C](C)C.[Cl-].[Mg+],28
O=C(Cl)c1ccccc1,28
C1COCCO1.O,28
N.O=[N+]([O-])O,27
C1CCC(NC2CCCCC2)CC1,27
O.O=S(=O)([O-])C(F)(F)F.O=S(=O)([O-])C(F)(F)F.O=S(=O)([O-])C(F)(F)F.[Yb+3],27
O=c1n(Cl)c(=O)n(Cl)c(=O)n1Cl,27
Oc1ccccn1,27
Cc1cc(N2CCN(CCOc3ccccc3)C2=O)sc1C(=O)O,27
N#CCBr,27
CC(C)(C)[O-].[Li+],27
O.O=C(O)C(F)(F)F,26
CCOP(OCC)OCC,26
N#Cc1ccc(Cl)c(CS(=O)(=O)Nc2nnc(Cl)cc2O)c1,26
Nc1ccccc1S,26
CC(C)NC(C)C.[Li],26
CCCS(=O)(=O)c1ccc(F)c(C#C[Si](C)(C)C)c1,26
CC1(C)C2CC[C@@]1(CS(=O)(=O)O)C(=O)C2,26
O=[N+]([O-])c1ccccc1,26
OC1=Nc2ccccc2C12COc1cc3c(cc12)CCO3,26
[CH3].[Li],26
O=S(=O)([O-])c1cccc(P(c2cccc(S(=O)(=O)[O-])c2)c2cccc(S(=O)(=O)[O-])c2)c1.[Na+].[Na+].[Na+],26
NCc1ccnc(OCCCc2ncn(C(c3ccccc3)(c3ccccc3)c3ccccc3)n2)c1,26
CCN(CC)C(C)C,26
COc1cc(Cl)nnc1NS(=O)(=O)Cc1cc(C#N)ccc1Cl,26
CC(C)(C)OC(=O)N1CCC(C(O)=Nc2c(C(=N)O)oc3ccc(Br)cc23)CC1,26
CCOC(=O)c1nc(=O)c2ccccc2[nH]1,26
COc1ccc(B(O)O)cc1,25
[Li].[c]1ccccc1,25
CO.ClCCl.N.O,25
C[N+](C)(C)Cc1ccccc1.[OH-],25
CS(=O)(=O)N=C(O)c1cc(Cl)c(F)cc1F,25
OP(O)O,25
COCCOCCN(CCOCCOC)CCOCCOC,25
CS(=O)(=O)OS(C)(=O)=O,25
CON.Cl,25
O=C1N(CCC2CC2)c2ccccc2C1(O)c1cc2c(cc1O)OCO2,25
COc1cc2c(cc1C)C1(CO2)C(=O)N(C(c2ccccc2)c2ccccc2)c2ccccc21,25
CC(=O)CC(C)C,25
OCC12CC3CC(CC(C3)C1)C2,25
CCO.[Na+].[OH-],24
Nc1c(C(=O)O)cc(C(F)(F)F)c(C=O)c1Cl,24
C1CCOC1.CCOC(C)=O,24
O=C(O)Cc1cccc2cnccc12,24
CCCC[N+](CCCC)(CCCC)CCCC.O.[F-],24
CC(=O)O.CC(=O)O.O=Ic1ccccc1,24
CC1CCCO1,24
Oc1ccc2c(c1)C(O)CC(c1ccccc1)O2,23
[BH4-].[K+],23
COc1nc(OC)nc([N+]2(C)CCOCC2)n1.O.[Cl-],23
[Al+3].[Br-].[Br-].[Br-],23
[Br-].[Br-].[Mg+2],23
O=[I+](=O)([O-])O,23
CC1(C)COB(B2OCC(C)(C)CO2)OC1,23
CC(C)N,23
N.N.O=S(=O)(O)OOS(=O)(=O)O,23
O.O=C([O-])[O-].[Na+].[Na+],23
O=C(Cl)c1c(Cl)cc(Cl)cc1Cl,23
N[C@@H]1c2ccccc2C[C@@H]1O,23
CCCCCCCCCCCCS,23
Cc1noc2cc3c(cc12)C1(CO3)C(O)=Nc2ccccc21,23
B.[Na],22
Cc1ccc(S(=O)(=O)OCC2Cc3c(C(F)(F)F)ccc(Cl)c3O2)cc1,22
CCC(C)[BH-](C(C)CC)C(C)CC.[K+],22
CCO.N,22
O=C(Cl)c1ccccc1F,22
NCc1cccnc1,22
CCCO,22
COc1ccc(C=O)cc1,22
O=C(O)Cc1ccc2ncccc2c1,22
O=C(O)c1cccc(C(=O)O)n1,22
C[N+](C)(C)Cc1ccccc1.O.[F-],22
CCOC(C)=O.ClCCl,22
CC1(C)C(=O)N(Cl)C(=O)N1Cl,22
CCOCC.OCCO,22
OCC1(O)OC[C@@H](O)[C@@H](O)[C@H]1O,21
Cc1cc(C)c(C)c(C)c1C,21
CNCCC(c1ccccc1)c1cccc2cc[nH]c12,21
[Na+].[O-]c1ccccc1,21
COc1ccc(O)cc1,21
COC(OC)N(C)C,21
Br.N,21
CC(C)(C)OCl,21
[F-].[Na+],21
O=P([O-])([O-])O.[Na+].[Na+],21
CCSc1ccc(Cl)cc1NN=C(O)c1cc(C)c(Br)cc1[N+](=O)[O-],21
Clc1ccccc1,21
CCOC(=O)C1=C(C)NC(C)=C(C(=O)OCC)C1,21
CC(C)(C)c1cccc(C(C)(C)C)n1,21
O=C(O)c1ccccc1S,21
COC1CCCC1.Cl,21
CC(C)(C)OC(=N)O,21
O=[N+]([O-])c1cccc(S(=O)(=O)[O-])c1.[Na+],21
O=C(O)CS,21
c1coc(P(c2ccco2)c2ccco2)c1,21
C[O+](C)C.F[B-](F)(F)F,21
O.O.O.O.O.O=S([O-])([O-])=S.[Na+].[Na+],21
N#CC1(COc2cc(F)c(C(=O)O)cc2C2CC2)C2CC3CC(C2)CC1C3,21
C[Si](C)(C)[Si](C)(C)C.[Li],21
CCCCC(CC)C(=O)[O-].[Na+],20
CC(C)(C)[O-].CC(C)(C)[O-].CC(C)(C)[O-].[Al+3].[H-].[Li+],20
[Ba+2].[OH-].[OH-],20
Cc1nc(N2CCN(Cc3csc4ccc(Cl)cc34)C2=O)sc1C(=O)O,20
CCCC[B+]CCCC.O=S(=O)([O-])C(F)(F)F,20
O=P([O-])([O-])[O-].[Na+].[Na+].[Na+],20
CN(C1CCCCC1)C1CCCCC1,20
O=C(O)C(Cl)Cl,20
CC(C)(O)C#N,20
OCc1ccc(B(O)O)cc1,20
O[C@H](CS)[C@@H](O)CS,20
Oc1cc(SCc2ccccc2)cnc1O,20
Cl.Oc1ncc[nH]1,20
CC(C)OCC#N,19
O=C(Cl)OCC(Cl)(Cl)Cl,19
O=P[O-].[Na+],19
c1cc(N2CCCC2)ccn1,19
CC(C)O.N,19
[Na+].[SH-],19
CC(C)(C)c1cccc(N=C(O)c2ccc(N3CCN(c4ccc(C(=O)O)cc4)CC3)c(F)c2)c1,19
CC(C)[SiH](C(C)C)C(C)C,19
O=NOS(=O)(=O)O,19
CCCCOc1nc(N)c2nc(OC)n(CCCC3CCCCN3)c2n1,19
COC(=O)c1cc(O)c2cccc(OCc3ccccc3)c2n1,19
CCOC(=O)c1coc(Oc2cccc(C(C)(C)C)c2)n1,19
COC(=O)C1(C=O)CCC1,19
CCOC(=O)COc1ccc(Sc2cc(C#Cc3ccc(CO)cc3)cc(OCCc3ccc(Cl)cc3)c2)cc1C,19
NCc1cncc(F)c1,19
CN1CCNCC1,19
Cc1ccccc1S(=O)(=O)O.O,19
C=CC(=O)Cl,19
Cc1nn(C)c(C)c1S(=O)(=O)N1CCC(Oc2ccc(Cl)c(Cl)c2)CC1,19
O=C(Cl)C(Cl)(Cl)Cl,19
CC(C)(C)P,19
OC1=NCCNC1,19
CN(C)CCN(C)CCN(C)C,19
Oc1nc(C2CCNCC2)nc2c1oc1ccc(Br)cc12,19
O=C1C(=O)N(CCC2CC2)c2ccccc21,19
CC(C)(c1cc(N)cc(Br)c1)c1cccc(OC(F)F)c1,18
Nc1c(Br)cc(C(F)(F)F)cc1C(=O)O,18
CCOC(=O)c1sc(N2CCN(c3ccccc3)C2=O)nc1C,18
COC(=O)c1cc(=NS(=O)(=O)c2ccc(C)cc2)c2cccc(OCc3ccccc3)c2[nH]1,18
CC1CO1,18
CCOC(=O)CSc1c[nH]c(=N)s1,18
C=[N+]=[N-],18
C=Cc1ccc(C=C)cc1.C=Cc1ccccc1.CCN(CC)Cc1ccccc1,18
CCS(=O)(=O)c1ccc(NC(=O)CCCc2ccc(B(O)O)cc2)cc1C#N,18
CC(C)(C)OC(=O)N1CCCC(N)C1,18
CCI,18
CN(C)CC#Cc1cncc([C@H]2N=C(O)O[C@@H]2c2cccc(F)c2)c1,18
C1CNCCN1,18
CCOCCO,18
c1ccc(P(c2ccccc2)c2ccccc2Oc2ccccc2P(c2ccccc2)c2ccccc2)cc1,18
C[C@]12CCC(=O)CC1[C@@H](C#N)C[C@@H]1[C@@H]2CC[C@]2(C)C(=O)CC[C@@H]12,18
[In],18
O=C([O-])[O-].O=S([O-])(O)=S.[Na+].[Na+].[Na+],18
CN(C)C.Cl,18
CN(C)C=[Cl+].[Cl-],18
ON=Cc1ccccc1O,18
O=C(O)C(=O)O.c1ccc(OCCCN2CCC(=C(c3ccccc3)c3ccccc3)CC2)cc1,18
S.[Na],17
[CH3].[CH3].[CH3].[OH-].[Sn+],17
NC1CCCCC1,17
CCN(CC)CC.O=CO,17
Cc1cc(C(=O)O)c(Cl)c2cc[nH]c12,17
OC(Cn1nc(C(F)F)c2c1C(F)(F)CCC2(F)F)=N[C@@H](Cc1cc(F)cc(F)c1)c1ncc(Br)cc1Br,17
Cn1c(C(N)S(=O)(=O)c2ccccc2)cc(=O)c(O)c1C(=O)O,17
F[B-](F)(F)F.N#[O+],17
O=[N+]([O-])c1ccccc1OCCCN1CCC(O)CC1,17
Oc1ccc2c(c1)CCC(c1cccc(F)c1)O2,17
c1ccc(N2CCCC2)nc1,17
COc1ccc(S(C)(=O)=O)cc1N=C(S)Nc1cccc2c1cnn2C,17
COC(=O)c1cc(O)c2cccc(N)c2n1,17
[CH3].[I-].[Mg+],17
[Mg+2].[O-2],17
COC(C)(C)OC,17
CC(=O)[O-].CC(=O)[O-].O.O.O.[Pb+2],17
CO.O,17
[CH2]CCC.[Cl-].[Mg+],17
CNCC(=O)O,17
C=C(C)[C@@H]1CC[C@]2(N=C(O)CCN(C)C)CC[C@]3(C)[C@H](CC[C@@H]4[C@@]5(C)CC=C(c6ccc(C(=O)O)cc6)C(C)(C)[C@@H]5CC[C@]43C)[C@@H]12,17
O=C1N(C(c2ccccc2)c2ccccc2)c2cccc(Cl)c2C1(O)c1cc2c(cc1O)OCC2,17
C[SiH](Cl)Cl,17
O=C(O)C=Cc1ccccc1,17
COCCO,17
CCCCCCCCS,17
O.O.O.O.O.O.O.O.O.[Na+].[Na+].[S-2],16
O=C(Nc1ccc(N2C(=O)CC(O)=Nc3c2ccc2ccccc32)cc1)c1ccccc1,16
CC[C@@H]1C(=O)N(C)c2cc(F)ccc2N1C(=O)c1ccc(O)cc1,16
CC(=O)c1ccccc1,16
O=C(O)c1cccc(Cl)c1,16
CN(C)C(=[O+]n1nnc2ccc(Cl)cc21)N(C)C.F[P-](F)(F)(F)(F)F,16
CSC.FB(F)F,16
COC(C)=O,16
CCOC(=O)CC1Cc2ccc(OCCCNc3ccccn3)cc2CN=C1O,16
CC(C)(C)OC(=O)c1cc(Cl)c(Oc2ccc(OC(F)(F)F)c(Cl)c2)cc1F,16
[Li+].[NH2-],16
O=C(OO)c1ccccc1,16
O=C([O-])[O-].O=C([O-])[O-].OO.OO.OO.[Na+].[Na+].[Na+].[Na+],16
NCc1cocn1,16
[Ca+2].[O-2],16
COC(=O)c1ccccc1Sc1ccccc1C(=O)OC,16
CSC(=N)S.[Na],16
O=C1C(Br)=C(c2ccccc2)c2ccc(O)cc21,16
COc1ccncc1NC(S)=Nc1cccc2c1ncn2C,16
[C]#N.[C]#N.[Hg],16
COc1ccc(C#N)cc1B(O)O,16
CCCCN=c1nc2c(nc(OC)n2CCCC2CCOC2)c(N)[nH]1,16
NC1CCCC1,16
C1=C(N2CCOCC2)CCC1,16
[CH2]C.[CH2]C.[Zn],16
Cl.O,16
O.O.O.[Na+].[O-]c1ccccc1,16
CC[C@H]1CN2CC[C@H]1C[C@@H]2[C@@H](Oc1nnc(O[C@@H](c2ccnc3ccc(OC)cc23)[C@H]2C[C@@H]3CCN2C[C@@H]3CC)c2ccccc12)c1ccnc2ccc(OC)cc12,16
COCCOC.O,16
CCCCc1nc2ccccn2c(=O)c1Br,16
Cc1ccc(S(=O)(=O)OCCC2CC3(CCCC3)C(=O)O2)cc1,16
[Al+3].[Al+3].[O-2].[O-2].[O-2],16
NS(=O)(=O)c1cc(C(=O)O)cc([N+](=O)[O-])c1Nc1ccccc1,15
CCOC(=O)c1sc(N2CCN(Cc3ccc(C(F)(F)F)cc3)C2=O)cc1C,15
CCOC(=O)C1CC12CCCCC2,15
O=S(=O)([O-])OOS(=O)(=O)[O-].[K+].[K+],15
O=C1CCC(O)=N1,15
CC(C)[N+](=O)[O-],15
[Li+].[N]N=[N-],15
O.O=S(=O)(O)O,15
CCS(=O)(=O)c1ccc(Cl)cc1CN.Cl,15
CC(C)C[C@H]1CN[C@@H](CC(C)C)C(O)=N1,15
Cc1cc(C(C)(C)C)c(O)c(C(C)(C)C)c1,15
COCc1ccc(C2CC2)c(CN)c1,15
Cc1nc(N2CCN(Cc3ccccc3)C2=O)sc1C(=O)O,15
CCN(CC)CC.CCN(CC)CC.O=C(O)O,15
CCBr,15
COS(=O)(=O)c1ccc(C)cc1,15
O=C1CCC(=O)N1I,15
C#CCCCCCC,15
[CH2]CCC.[CH2]CCC.[Cl-].[Cl-].[Sn+2],15
O=C1c2ccccc2C(=O)N1O,15
COc1cc(OC)cc(C(=CC#N)c2ccc3c(c2)OCCO3)c1,15
Cl.N#CCN,15
ClC(Cl)(Cl)Br,15
CCCCP(C12CC3CC(CC(C3)C1)C2)C12CC3CC(CC(C3)C1)C2,15
Cc1ccc(S(=O)[O-])cc1.[Na+],15
C[N+](=O)[O-],15
COC(=O)c1ccc2[nH]ccc2c1Cl,15
O=CC1CCCC1,15
I.N,15
CC(C)N=C(O)c1cn(COCC[Si](C)(C)C)c2ncc(Br)nc12,15
CC(C)(C)c1nc(N2CCOCC2)c2nnn(Cc3ccccc3Cl)c2n1,15
O=C(O)c1cc(C2CC2)c(OCC2(C(F)(F)F)CCCCC2)cc1F,15
Ic1ccc2c(c1)CN(C(c1ccccc1)(c1ccccc1)c1ccccc1)C2,15
N#Cc1cccc(O)c1,15
CCC1(CC)CC(CCN2CCC(c3nc4ccccc4[nH]3)CC2)OC1=O,15
COC(=O)CC(=O)C(C)Br,15
O=C[O-].[K+],14
S.[Na+].[OH-],14
Cl.N#Cc1ccc(C2CNC2)cc1,14
COc1ccc(N2CCN(CCc3ccccc3)CC2)cc1,14
COc1ccc(N2CCN(CCc3ccccc3)CC2)cc1C,14
[B]1Oc2ccccc2O1,14
O=C(O)c1ccc2c(c1)S(=O)(=O)c1ccccc1C=C2,14
O.O=[Si]=O.O=[Si]=O.O=[Si]=O.O=[Si]=O.[Al+3].[Al+3].[O-2].[O-2].[O-2],14
O=C(O)Cc1csc(N=C(O)N(CC2CCCC2)c2ccc(F)c(F)c2)n1,14
O=CCCCN=C(O)c1ccccc1,14
Nc1ccc(Oc2ccc3c(c2)CCC(c2ccccc2)O3)nc1,14
C#Cc1c(N)ccc(C(=O)OC)c1Cl,14
S=C=S,14
CN(Cc1nc2ccccc2n1Cc1cccnc1)C1CCCc2cccnc21,14
O.O=P[O-].[Na+],14
C1=C(C2=NNCCCCCCCC2)CCCCCCCCC1,14
CC(C)C(NC(c1ccccc1)c1ccccc1)P(O)O,14
BrCC1CO1,14
Cc1ccc(S(=O)(=O)NN)cc1,14
CCCS(=O)(=O)c1ccc(F)c(C#Cc2cc(Cl)ccc2OCC(=O)OC(C)(C)C)c1,14
C1CCC(CNCC2CCCCC2)CC1,14
[Zn],14
[Al+].[CH2]C.[CH2]C.[Cl-],14
C[O-].[CH2]CCC.[CH2]CCC.[CH2]CCC.[Sn+],14
O.O.O.O.O.O.O.O.O.O.O=C([O-])[O-].[Na+].[Na+],14
OB(O)c1ccc(F)cc1,14
O=S([O-])OS(=O)[O-].[Na+].[Na+],14
C#Cc1ccccc1,14
O/C=C1\C(O)=Nc2ccccc21,14
C1CCOC1.Cc1ccccc1,14
Cc1c(C=O)n(C)c2ccccc12,14
CS(C)(=O)=O,14
O=S(=O)(N(c1ccccc1)S(=O)(=O)C(F)(F)F)C(F)(F)F,14
Cc1cc(C)[n+](F)c(C)c1.O=S(=O)([O-])C(F)(F)F,14
[Br-].[CH3].[Li+].[Li],14
COc1cc(F)ccc1N1CCNCC1,14
N=C(O)C1=CN(Cc2ccccc2)C=CC1,14
CC1(C)c2ccc(P(c3ccccc3)c3ccccc3)cc2Oc2cc(P(c3ccccc3)c3ccccc3)ccc21,14
CC1(C)OB(c2cccc3[nH]ccc23)OC1(C)C,14
O=C1c2ccccc2CN1[C@@H](CC1CCCCC1)C(O)=Nc1nccs1,14
CC[Si](Cl)(CC)CC,14
CN=C(O)c1cc(F)ccc1N,13
COc1cc(N2CCC[C@H](C(=O)N3CCN(C)CC3)C2)ccc1N,13
CCOC(=O)CN1C(=O)C2(COc3cc4c(cc32)OCO4)c2ccccc21,13
C[N+](C)(C)Cc1ccccc1.C[N+](C)(C)Cc1ccccc1.C[N+](C)(C)Cc1ccccc1.[Br-].[Br-].[Br-],13
CC1=CCC=CC1,13
C1CCOC1.[Al+3].[H-].[H-].[H-].[H-].[Li+],13
c1ccc2nc(N3CC4CCNCC43)cnc2c1,13
BrP(Br)Br,13
CCN(C)C,13
CB1OC(c2ccccc2)(c2ccccc2)[C@H]2CCCN12.Cc1ccccc1,13
CCC(C)(C)[O-].[Na+],13
Cc1cccc(O)c1,13
CCCCCON=O,13
c1ccc([SiH2]c2ccccc2)cc1,13
[H-].[K+],13
CCCCCN1C(=O)C(CO)(c2cc3c(cc2O)OCO3)c2c(Cl)ccc(Cl)c21,13
C(=NC1CCCCC1)=NC1CCCCC1.CS(C)=O,13
C1CCOC1.CCC(C)[BH-](C(C)CC)C(C)CC.[Li+],13
O=C(Oc1cccc(I)c1OC(=O)C(F)(F)F)C(F)(F)F,13
[N-]=[N+]=NP(=O)(Oc1ccccc1)Oc1ccccc1,13
[Cl-].[K+],13
CSc1cc(C)nc(SC)c1N=C(O)CN1CCN(CCO)CC1,13
CC(C)NC1CCCCC1,13
O=C(O)c1cc(Cl)c(Oc2ccc(Cl)c(C(F)(F)F)c2)cc1F,13
CN(C)C(=[O+]n1ccccc1=O)N(C)C.F[B-](F)(F)F,13
CCB(CC)OC,13
F[B-](F)(F)F.[Na+],13
O=P(Cl)(Oc1ccccc1)Oc1ccccc1,13
CC(C)(O/N=C(/C(O)=NCC=O)c1csc(=N)[nH]1)C(=O)O,13
COCCOC(=O)N=NC(=O)OCCOC,13
N[C@H]1CCCC[C@@H]1N,13
Sc1nc2ccccc2[nH]1,13
c1nc[nH]n1,13
COc1nc(=N)[nH]cc1B1OC(C)(C)C(C)(C)O1,13
C=C=C,13
B1Oc2ccccc2O1,13
N=c1[nH]c2c(F)cc(F)cc2s1,13
OCCOCCO,13
COC=O,13
Cc1ccc(C(=O)Cl)cc1,13
CCCC(CCCCCCC(=O)c1cn(CCCC(=O)OCC)c2ccccc12)c1ccc(CC(C)C)cc1,12
O=C=Nc1cccc2cnccc12,12
CN(C)c1cc(C(=O)N2CCCC(c3ccccc3F)C2)ccn1,12
c1ccc2[nH]nnc2c1,12
FC(F)(F)c1ccc(CBr)cc1,12
CCC[N+](CCC)(CCC)CCC,12
CC#CCOc1ccc(C[C@H](N=C(O)[C@@H](/C=C/CCCCCCC(F)(F)CCCCCCC)[C@@](O)(CCC)C(=O)O)C(=O)O)cc1,12
COC(=O)[C@@H]1CN(C(=O)OC(C)(C)C)CC[C@H]1c1ccc(Cl)cc1,12
Cc1ccccc1CBr,12
c1ccc2c(c1)CCC(CN1CCN(c3nccc4ccccc34)CC1)N2,12
N.O=[N+]([O-])O.O=[N+]([O-])[O-].O=[N+]([O-])[O-].O=[N+]([O-])[O-].O=[N+]([O-])[O-].[Ce+4],12
CCCC(N)CCCCCCCCC(N)CCC,12
O=S(=O)=O,12
COc1ccc(C)cc1C(O)=N[C@H]1CCC[C@@H]1N=c1cnc(C(F)(F)F)c[nH]1,12
NCCNCCN,12
CCS(=O)(=O)n1cccc1CN.Cl,12
O=S(=O)(Cl)c1ccccc1,12
Cl.Clc1ccc(C(OC2CNC2)c2ccccc2Cl)cc1,12
CCO.ClCCl,12
CCO.Cc1ccccc1,12
COc1cccc(/C=C/c2nc3sccn3c(=O)c2I)c1OCC1CC1,12
NOc1ccc([N+](=O)[O-])cc1[N+](=O)[O-],12
O[C@H](CS)[C@H](O)CS,12
CCOC(=O)C(=CC=C(C(=S)OCC)N(C)C)c1ccccc1,12
O=C1C2C3C=CC(C3)C2C(=O)N1O,12
O=C([O-])O.[Cs+],12
C[Si](C)(C)N=[N+]=[N-],12
ClCI,12
[I-].[I-].[Mg+2],12
CCOC(=O)CC(=O)OCC,12
CS(=O)(=O)Nc1cccc(N=c2[nH]c3ncnc-3c(Cl)[nH]2)c1,12
CCOC(=O)c1cccnc1NCC(CC)CC,12
NC1COc2nnccc21,12
Nc1cccnc1,12
O=C(O)C1CCCN1,12
C1COOOC1,12
CC(C)(C)OC(O)=N[C@@H](C(=O)O)C(C)(C)C,12
C[Si](C)(C)CCOCn1cc(C(=O)O)c2nc(C3CC3)cnc21,12
O=C(Cl)C1CC1,12
Cc1c(C)c(C)c(C)c(C)c1C,12
CCCC1CC=CCCC=CCC(CCC)N=N1,12
NC1CCN(CCn2c(=O)cnc3ccc(F)cc32)CC1,12
O=C(O)c1cc(C2CC2)c(OCC2(F)CCN(Cc3cc(C(F)(F)F)cc(Cl)c3F)CC2)cc1F,12
F[P-](F)(F)(F)(F)F.[Cl+]=C(N1CCCC1)N1CCCC1,12
O=C(CCl)CCl,12
COC(=O)[C@@H](N)CC(C)C,12
CCCCCN1C(=O)C(=O)c2c(Br)cccc21,12
NC1CCC1,12
O=c1c2ccccc2nnn1O,12
O.[Na+].[OH-],11
CN(Cc1nc2ccccc2n1CCCN)C1CCCc2cccnc21,11
O=C(O)/C=C/C(=O)O,11
[B],11
O=C(O)c1ccc2c(c1)Sc1ccccc1CC2,11
BrCc1ccccc1,11
COc1cc2c(cc1OC)N(C)C(=O)CN=C2c1cccc(C#N)c1,11
O.O.O.O.O=C([O-])C(O)C(O)C(=O)[O-].[K+].[Na+],11
CO[C@H]1C[C@@H](S(=O)(=O)c2ccc(Br)cc2C(F)(F)F)C[C@@H]1C(O)=NC1(C#N)CC1,11
CC(C)C(N)CCCCCCCCC(N)C(C)C,11
CS(=O)(=O)c1ccc(N2CCCC2)c(C(=O)O)c1,11
Cc1cc(NC(=O)c2ccc(Cl)nc2)ccc1I,11
COC(=O)c1cc(Oc2ccc(S(C)(=O)=O)cc2)cc2c1CC(C)O2,11
O=C(Cl)OC(Cl)(Cl)Cl,11
NCc1ccc(F)cc1,11
CNC.Cl,11
C1CSCN1,11
COc1ccc(C2=NN(Cc3ccccc3)C(=O)[C@H]3CCCC[C@@H]23)cc1OC,11
C[N+]1(CCN=C=NC2CCCCC2)CCOCC1.Cc1ccc(S(=O)(=O)[O-])cc1,11
CN1CCN(C)C1=O,11
CCCCn1cc[n+](C)c1.[Br-],11
CC(=O)OC(C)C,11
O.O=C(O)CC(O)(CC(=O)O)C(=O)O,11
CCCCCN1C(=O)C(O)(c2cc3c(cc2O)OCO3)c2c(Br)cccc21,11
O=Cc1cccc(B(O)O)c1,11
Cc1nc2cccc(N=C(S)Nc3cc(S(N)(=O)=O)ccc3OC(C)C)c2n1C,11
CCOP(=O)(OCC)OCC,11
O=C1COc2cnccc21,11
CCCCN1C(=O)C(O)(CC(=O)c2ccccn2)c2ccccc21,11
C=CCn1nc(O)c2cc([N+](=O)[O-])ccc21,11
C=C1C[C@@H]2[C@H](CC[C@]3(C)C(=O)CC[C@@H]23)[C@@]2(C)CCC(=O)CC12,11
Cc1ccc(S(=O)(=O)OC[C@H]2CCCO2)cc1,11
Cl.N[C@H]1CCC[C@@H]1N=c1[nH]c2ccc(F)cc2s1,11
C1CCOC1.CCO.O,11
ClCCl.O,11
CCOC=C(C#N)C(=O)OCC,11
O=C(O)c1cc(F)ccc1Sc1c(C(=O)O)cccc1[N+](=O)[O-],11
CCCC(C)C(=O)C(=O)C(C)(C)C,11
O=C(CC1CCc2ccccc21)C1SCN[C@@H]1C(=O)O,11
CCCC#N,11
NCC(=O)O,11
O=P([O-])([O-])OP(=O)([O-])OP(=O)([O-])[O-].[K+].[K+].[K+].[K+].[K+],11
Nc1cccc2nc(CO)[nH]c12,10
CCCCOc1cc(C(=O)O)cc([N+](=O)[O-])c1C(=O)c1ccccc1,10
CCOC(C)=O.Cc1ccccc1,10
CCOC(=O)C(C(C)C)n1ccc(C(F)(F)F)n1,10
CCOC(=O)CCc1ccc(O)c(C)c1C,10
CCCCCCCCCCc1nnn(C(C(=O)OCC)c2ccccc2)n1,10
CS(=O)Cc1cccc2c(C(c3ccc(Cl)cc3)c3ccc(Cl)cc3)c[nH]c12,10
OCCNCCO,10
CSCCC(N)C(=O)O,10
O=C1c2ccccc2C(=O)C1(O)O,10
CC(C)(C)[O-].CC(C)(C)[O-].CC(C)(C)[O-].[Al+2].[H].[Li+],10
CI.ClCCCl,10
COCCNC(=O)c1ccc(CCC(O)=NCC(=O)N(C)c2ccc(Cl)c(COc3cccc4c3nc(OC)n4Cc3ccccn3)c2Cl)cc1,10
COc1cccc(N=c2c(C(=N)O)c[nH]c3c(C)cc(S(=O)(=O)c4cccc(C(O)=NCCCCCCCC=O)c4)cc23)c1,10
OCCC1CCCO1,10
CCO.CS(C)=O,10
c1ccc(C2(c3ccccc3)CCNC2)cc1,10
CN.CO,10
NC(CS)C(=O)O,10
COc1cnc(C(=O)O)c(OC[C@H]2CCCN2C(=O)[C@H]2CC[C@H](C(F)(F)F)CC2)c1,10
[Bi].[O],10
COc1cc(/C=C(\C)C(=O)O)c(OC)c2ccccc12,10
CC[N+](CC)(CC)S(=O)(=O)N=C([O-])OC.O,10
COc1ccc2c(c1)N(CCN1CCC(N)CC1)C(=O)OC2.O=C(O)C(F)(F)F,10
CCCCCN1C(=O)C(=O)c2ccccc21,10
O=Cc1ccncc1,10
C1=NCCCN(C2CCCCCCCCCC2)CCCCC1,10
C1CCCCC1.CCOC(C)=O,10
OC(CS)C(O)CS,10
C[N+](C)(C)C.[F-],10
O=C1C=CC(=O)C=C1,10
OC[C@H]1O[C@@](CO)(O[C@H]2O[C@H](CO)[C@@H](O)[C@H](O)[C@H]2O)[C@@H](O)[C@@H]1O,10
O=P(Br)(Br)Br,10
CCCc1ccc(CC(NC(=O)c2ccc(OCCC3CC3)cc2)C(O)=NCCO)cc1,10
CC(C)c1cccc(C(C)C)c1CC(=O)O,10
OC1=NCCCC1,10
CCCOc1nc(C(O)=N[C@H](CO)CC(C)C)cnc1N1CCCC1,10
CCOC(=O)CC(=O)c1cc(F)c(F)c(Cl)c1F,10
OC1CCCCC1,10
Cc1ccc(C)cc1,10
O=C1C(=O)N(Cc2ccc(C(F)(F)F)o2)c2ccccc21,10
[Cl-].[Mg+].[c]1ccccc1,10
[CH2-]CCC.[Li+],10
O=[N+]([O-])O.O=[N+]([O-])O.O=[N+]([O-])O.O=[N+]([O-])O.O=[N+]([O-])O.O=[N+]([O-])O.[Ce],10
COc1cc2ncnc(Oc3cccc(N=C(O)Nc4cc(C(C)C)no4)c3)c2cc1OC,10
CN(C)C(=O)/N=N/C(=O)N(C)C,10
COS(=O)(=O)C(F)(F)F,10
CCCC(C)C,10
CCCCCCCCc1ccc(NCC2(N=C(O)OC(C)(C)C)COC(C)(C)OC2)cc1,10
C=CC(c1ccccc1)c1cc(Br)cc(N=C(O)Nc2ccc(C)cc2)c1OCCC,10
Cc1ccc(NC(O)=Nc2cc(Br)ccc2N(CCC(F)(F)F)Cc2ccccc2)cc1,10
CCN,10
CC(=N)S,10
O=C(O)CN1CCCC(c2ccc(F)cc2)(c2ccc(F)cc2)C1=O,10
CC(=O)O.CO.ClCCl.O,10
CN(C)[P+](N(C)C)(N(C)C)n1nnc2ccccc21.F[P-](F)(F)(F)(F)F,10
CCOC(=O)[N+](=[N-])C(=O)OCC,10
O=C1Nc2ccccc2C1=O,10
CCOC(=S)[S-].[K+],10
CC(=NO)C(C)=NO,10
CN(C)CCO,10
COC(=O)C=C(c1ccc(OC)c(OC)c1)c1ccc(OC)c(OC)c1,10
Oc1cccc(Br)c1,10
COC(=O)C(O)=CC(=O)N(C)Cc1ccc(F)cc1,10
CN(C)C1(C(N)c2ccccc2)CCCC1,10
OC(=Nc1nc2ccc(Cl)c(F)c2s1)c1cccc(C(F)(F)F)c1,10
Cc1ccc(N)cc1C(=O)c1ccc(Nc2ccc(C(F)(F)F)cc2)cc1Cl,9
O=C1CC(O)=Nc2c(ccc3ccccc23)N1CCN=C(O)c1ccccc1I,9
Cl.O=C(O)[C@@H]1CCC(O)=N1,9
Fc1cc(Br)ccc1OCCN1CCCCC1,9
CCSc1ccc(Cl)cc1CN,9
CSCC[C@H](N)C(=O)O,9
CCCS,9
COC(=O)c1cc(C2CC2)c(O[C@@H]2CCCN([C@@H](C)c3cc(Cl)cc(Cl)c3)C2)cc1F,9
CC(C)C[C@H]1CN(Cc2ccc(F)cc2C(F)(F)F)[C@@H](CC(C)C)C(O)=N1,9
CCO.CN(C)C=O,9
COc1ccc(C(C)C#N)cc1CN[C@H]1CCCN(C(=O)OC(C)(C)C)[C@H]1c1ccccc1,9
N#CCCl,9
O=C=Nc1ccccc1,9
CC(C)O.O=C=O,9
COc1ccc(Br)cc1C,9
CC(C)(C)N,9
O=C(O)CC(=O)O,9
O=S(=O)(Nc1ncc(Cl)cc1O)c1cncc(Br)c1,9
Cl.N=C1CSC(N2CCCCC2)=N1,9
C#CCCCOC1CCCCO1,9
BrCC1CC1,9
COCCNc1cccc(C(=O)O)c1C(=O)O,9
[N-]=[N+]=NC[C@H](O)c1ccc(OCc2ccccc2)c2nc(O)ccc12,9
OCC(O)CO,9
OCCS,9
ClBr,9
FC(F)(F)c1ccc(C#Cc2cc(OCc3ccccc3)c(OCc3ccccc3)nn2)nc1,9
Brc1ccccc1,9
CC[N+](CC)(CC)CC.[F-],9
CNc1ccccc1,9
CC1(C)[C@@H]2CC[C@@]1(CS(=O)(=O)O)C(=O)C2,9
CCOC(C)=O.O=C([O-])O.[Na+],9
O=C1O[C@H]([C@@H](O)CO)C(O)=C1O,9
CC(C)(N)Cc1c[nH]c2ccccc12,9
OCCN(CCO)CCO,9
CC1(c2ccccc2)OC(=O)C(O)=C1O,9
Fc1cccc(CBr)c1,9
CB(O)O,9
Cc1cccnc1,9
F[B-](F)(F)F.[Li+],9
CCCCCN1C(=O)C(O)(c2cc(Br)ccc2O)c2ccccc21,9
NOS(=O)(=O)O,9
c1cc[nH]c1,9
O=C(Oc1c(F)c(F)c(F)c(F)c1F)C(F)(F)F,9
[C]#N.[Cu],9
COC(=O)c1cc(O)c2cc(Br)cc(OC)c2n1,9
Nc1cc2ccccc2cc1C(=O)O,9
COc1ccccc1C(c1ccc(N=C(O)C2(c3ccc4c(c3)OCO4)CC2)nc1)N(C)C,9
CCOC(=O)c1ccc(C=O)c(C(F)(F)F)c1,9
Cl.OC1CNC1,9
O[C@H]1CCNC1,9
CSc1ccc(C(=O)C2(N3CCCC3)CCCCC2)cc1,9
CCn1nc2nc(C(C)(C)C)nc(N3CCC(F)(F)C3)c2n1,9
CN(C)C=O.[Na+].[OH-],9
O=CC1CC1,9
CC(=O)O.N=CN,9
CN(C)N,9
O.[Na+].[Na+].[S-2],9
CN(C)C(=[Cl+])N(C)C.F[P-](F)(F)(F)(F)F,9
COc1ccc(Nc2ncccc2C=CC(=O)c2cc(OC)c(OC)c(OC)c2)cc1,9
CCCCOB(OCCCC)OCCCC,9
OCCSCCSCCO,9
CCS(=O)(=O)c1ccc(Br)cc1CN=C(O)c1cc(C(F)(F)F)ccc1N,9
COc1cc(Cl)cnc1NS(=O)(=O)c1cncc(Br)c1,9
O=C1C(=O)N(Cc2ccc(Cl)cc2)c2ccccc21,9
[CH3].[Cl-].[Mg+],9
O=C(O)c1cc(C2CC2)c(O[C@@H]2CCCN(Cc3ccc(Cl)c(Cl)c3)C2)cc1F,9
O=C(O)C(F)(F)F.c1ccncc1,9
CCN=C=N.Cl,9
Cc1nc(N2C[C@H](C)N(Cc3ccc(F)cc3)C2=O)sc1C(=O)O,9
N=C(S)Nc1ccccc1,9
N=C(O)C1=CN([C@@H]2O[C@H](COP(=O)(O)OP(=O)(O)OC[C@H]3O[C@@H](n4cnc5c(N)ncnc54)[C@H](O)[C@@H]3O)[C@@H](O)[C@H]2O)C=CC1,9
CCO.CCOC(C)=O.N,9
CN[C@H]1CCCC[C@@H]1NC,9
COC(=O)c1ccc(C)c(B2OC(C)(C)C(C)(C)O2)c1,9
CC(C)CB(O)O,9
CN(C)C(Sc1cccc[n+]1[O-])=[N+](C)C.F[P-](F)(F)(F)(F)F,9
CCN=C=NC(C)(C)CC.Cl,9
CCCCCC.CCOCC,8
O=[N+]([O-])c1cc(Br)ccc1N(CCC(F)(F)F)Cc1ccccc1,8
CC(C)(C)OC(=O)N1CCN(Cc2ccc(C(=O)O)cc2C(F)(F)F)CC1,8
CC(CCc1ccc(Br)cc1)(C(=O)O)S(C)(=O)=O,8
Cc1ccc(N)cc1O,8
C[C@@H]1[C@@H](B(Cl)[C@H]2C[C@H]3C[C@@H]([C@@H]2C)C3(C)C)C[C@H]2C[C@@H]1C2(C)C,8
C[N+]1([O-])CCOCC1.O,8
[Na+].[O-]Br,8
O=C([O-])c1ccccc1C(=O)O[O-].[Mg+2],8
CC(N)c1ccc(C(=O)O)s1,8
CCOCCCOCCCCCCCCN=c1cc[nH]c2ccccc12,8
CC(=O)O.Cl,8
Cc1ccc(N(C)C)cc1,8
O=C1CCC(c2c[nH]c3ccccc23)CC1,8
CCCCCBr,8
CC(C)c1cccc(C(C)C)c1N,8
Cc1cc[nH]c(=N)c1C,8
NCc1ccc(C(F)(F)F)cc1,8
O=C1CCCCC1,8
O=S(=O)(O)c1ccccc1,8
Cl.NC(CO)(CO)CO,8
c1ccc2c(c1)Nc1ccccc1S2,8
O=C(O)CN(CCN(CC(=O)O)CC(=O)O)CC(=O)O,8
O=C(O)c1cc2ccccc2[nH]1,8
Cl[SiH](Cl)Cl,8
F[P-](F)(F)(F)(F)F.c1cnc2c(c1)nnn2O[P+](N1CCCC1)(N1CCCC1)N1CCCC1,8
CN(Cc1nc2ccccc2n1CC1CNC1)C1CCCc2cccnc21,8
CC[C@H](C(=O)O)c1ccccc1,8
C(#Cc1ccccc1)C1=NOC2(CCNCC2)C1,8
O=C(O)CC(F)(F)F,8
CN(C)S(N)(=O)=O,8
CN(C)CCCN,8
[Na+].[Na+].[Na+].[O-]P([O-])([O-])=S,8
Nc1ncnc2c1ncn2[C@@H]1O[C@H](CO)[C@@H](O)[C@H]1O,8
CCCC[N+](CCCC)(CCCC)CCCC.[BH4-],8
OC(C(F)(F)F)C(F)(F)F,8
Brc1cnc2ccccc2c1,8
CS(=O)(=O)c1ccc(CN)cc1.Cl,8
COC(=O)COc1ccc(CN)c(F)c1,8
CC1=C[C@@H](CO[Si](C)(C)C(C)(C)C)N(C(=O)OC(C)(C)C)C[C@H]1O,8
CN(C)CCOc1ccc2sc(C(O)=Nc3ccccc3N)cc2c1,8
CC1CCCCC1,8
Clc1ccc(C(OC2CN(C(c3ccccc3)c3ccccc3)C2)c2ccc(Cl)cc2Cl)cc1,8
CN(C)c1ccc(B(O)O)cn1,8
CC(=O)[O-].O.O.[Li+],8
CCOP(=O)(CC=Cc1ccccc1)OCC,8
O=C(O)c1ccccc1Br,8
O=S(=O)(Cl)N=CO,8
CSCc1cccc2c(C(c3ccc(F)cc3)c3ccc(F)cc3)c[nH]c12,8
CCN(CC)[PH]1(NC(C)(C)C)N(C)CCCN1C,8
O.O.O.[Li+].[O-][Cl+3]([O-])([O-])[O-],8
C#C[Si](C)(C)C,8
CC(C)CCN,8
NOC1CCCCO1,8
O=C1C(=O)N(C(c2ccccc2)c2ccccc2)c2ccccc21,8
CC(=O)OC[C@H]1O[C@H](Br)[C@H](OC(C)=O)[C@@H](OC(C)=O)[C@@H]1OC(C)=O,8
O=[N+]([O-])c1ccc(/C(=N\O)c2ccccc2)cc1,8
CC(C)(N)CO,8
Br.BrCc1ccncc1,8
c1ccc2[nH]ccc2c1,8
O=C(O)c1ccc(N2CCN(c3ccc(C(O)=Nc4ccccc4)cn3)CC2)cc1,8
COc1ncc(CCl)cn1,8
CNCc1ccc(F)cc1,8
O=C1O[C@H]([C@@H](O)CO)C(O)=C1O.[Na],8
CC(C)c1cc(C(C)C)c(-c2ccccc2P(C2CCCCC2)C2CCCCC2)c(C(C)C)c1,8
CCOC(=O)CCN.Cl,8
Cl.N#Cc1ccc(C2(F)CCNCC2)cc1,8
[Cs+].[I-],8
O=C(O)Cn1nc(C(F)F)c2c1C(F)(F)[C@@H]1C[C@H]21,8
C[Si](C)(C)OC(=O)C(F)(F)F,8
Cc1ccc(B(O)O)cc1,8
O.c1cnc2c(c1)ccc1cccnc12,8
CC(C)CBr,8
Cc1c([C@@H]2CO2)ccc2c1COC2=O,8
CCOC(=O)c1c(N)sc2ccccc12,8
CC#N.Cl.O,8
CC(C)(C)OC(O)=NC1CCN(CCn2c(=O)ccc3ccc(F)c(F)c32)CC1,8
COC,8
O=C(O)c1ccc(CCc2cccc3c2N(Cc2cccc(F)c2)CC3)cc1,8
OC(=NCC1Cc2ccc3c(c2O1)CCC3)OCc1ccccc1,8
Clc1nc[nH]c2ncnc1-2,8
CN.CN(C)C(=[O+]n1nnc2ccc[nH+]c21)N(C)C.F[P-](F)(F)(F)(F)F.F[P-](F)(F)(F)(F)F,8
Fc1ccc(CCNCc2ccc(C3CC3)cc2)cc1C(F)(F)F,8
[O-][n+]1ccccc1O,8
CC(C)CN1CCN2CCN(CC(C)C)P1N(CC(C)C)CC2,8
CCCCCCCCCCc1nnn(CC(=O)O)n1,8
CNC1CCCCC1NC,8
CS(=O)(=O)CCO,8
CN(C)C(=O)[NH+](C)C.F[P-](F)(F)(F)(F)F,8
[B-].[Na+],8
COc1cc(OC)cc(C(O)c2ccc3c(c2)OCCO3)c1,8
COc1cccc(C(=CC#N)c2cc(OC)cc(OC)c2)c1,8
C=CCOCC=C,8
CS(=O)(=O)Oc1cccc(C2CCNCC2)c1F,8
COC1CCCC1,8
O=C(O)c1cccnc1Oc1ccc2c(c1)OCO2,8
O=C(/N=N\C(=O)OCc1ccc(Cl)cc1)OCc1ccc(Cl)cc1,8
N=C(O)c1ccc[n+]([C@@H]2O[C@H](COP(=O)(O)OP(=O)([O-])OC[C@H]3O[C@@H](n4cnc5c(N)ncnc54)[C@H](O)[C@@H]3O)[C@@H](O)[C@H]2O)c1,8
CC(C)(C)OC(=O)N1CCC(=C/C=C/c2ccccc2)CC1,8
CN(C)[C@@H]1CCCC[C@H]1N,8
Cc1ccc(O)cc1C,8
CC(=O)C1CCCCC1=O,8
C1CCOC1.CCCCCCC.CCc1ccccc1,8
Cc1ccc(S(=O)(=O)OC[C@H]2COCCO2)cc1,8
NC[C@H]1CC[C@H](C(=O)O)CC1,8
Cc1ccc(C(C)(CO)CCCCBr)cc1,8
CN(C)c1ccc(N=Nc2ccc(S(=O)(=O)O)cc2)cc1,8
OCC1Cc2c(C(F)(F)F)ccc(Cl)c2O1,8
CC(C)C[C@@H]1N=C(O)[C@@H](Cc2ccccc2)N=C(O)[C@H](CCN)N=C(O)[C@@H](N=C(O)[C@@H](N)CCN)CCN=C(O)[C@H]([C@@H](C)O)N=C(O)[C@H](CCN)N=C(O)[C@H](CCN)N=C1O.O=S(=O)(O)O,8
Cc1c(Br)c(=O)c(C(=O)O)cn1C(C)C,8
N[C@@H](Cc1c(F)cccc1F)C(=O)O,8
CCCCCCCCCCCCOS(=O)(=O)[O-].[Na+],8
CN(C)C,7
Cc1ccc(C(=N)O)cc1NC(=N)S,7
CCOC(=O)c1cc(C(F)(F)F)c(C=O)c(Cl)c1N,7
CCOC(=O)[C@H]1C2C[C@@H]3[C@H](C[C@@]21C)C3(C)C,7
CCCCCCCCc1ccc(NC(O)=NCCC(=O)OCC)cc1,7
CCOC(=O)c1sc(N2CCN(CC3CC3(F)F)C2=O)nc1C,7
O=C(Cl)c1cccs1,7
O=S(=O)(O)O.O=[N+]([O-])O,7
CC(=O)Oc1ccc2c(c1)C(=O)C(Br)=C2c1ccccc1,7
CN(C)CCCN1CN(CCCN(C)C)CN(CCCN(C)C)C1,7
CC1(C)OO1,7
Cl.N#Cc1ccc(C2CCNCC2)cc1,7
COC(=O)C1CN(Cc2ccc(OCc3coc4ccc(Cl)cc34)cc2)C1,7
COC(=O)c1cccnc1N=C(O)C(C)CSC(C)=O,7
COc1ccccc1N1CCN(CCC2OCCc3ccccc32)CC1.Cl.Cl.O,7
C[C@H](N=C(O)OC(C)(C)C)C(=O)O,7
O=C(O)COc1ccc(SCCCC(=O)c2ccc(Cl)cc2)c2c1CCC2,7
C[Si](C)(C)CCOCn1ccnc1C=O,7
O=C1c2cccc3cccc(c23)C(=O)N1CCCCBr,7
CCOc1nc(N2CCN(C(C)=O)CC2)ccc1N=C(O)c1coc2c1C(=O)N(CCOCc1ccccc1)CC2,7
CC(C)(C)CN1Cc2c(cc(Cl)c3[nH]ncc23)C[C@@H](CC(=O)N2CCC(N3Cc4ccccc4N=C3O)CC2)C1=O,7
CCOC(=O)c1ccc(N2CCN(c3ccc(C(O)=Nc4ccc(C)c(I)c4)cn3)CC2)cc1,7
COC(=O)c1ccc(N2CCCC2)cc1,7
CCNC(C)C,7
CCCc1c(OCCCOc2ccc(Cl)cc2)ccc2c1OC(CCC(=O)OCC)(CCC(=O)OCC)CC2=O,7
COC(=O)c1cc(=O)c2c(Br)ccc(OCc3ccccc3)c2[nH]1,7
CCCc1ccc(OCC(=O)O)cc1,7
F[B-](F)(F)F.[IH2+].c1ccncc1.c1ccncc1,7
CC(C)(C)OC(=O)N1CCCC(COc2ccccc2Cl)C1,7
CC(C)(C)OC(=O)N1CC2CNCC2C1,7
COP(=O)(OC)OC,7
O.[Ba+2].[OH-].[OH-],7
CC(=O)C1=CN(C(C)C)CCC1,7
O=c1nc(CC2(c3cccc4ccccc34)CCCC2)n2c(c1O)C(O)=NCC2,7
COC(=O)CC1Cc2ccc(OCCN=C(O)OC(C)(C)C)cc2N=C1O,7
OC1=Nc2ccccc2N[C@H]1Cc1ccccc1,7
ClCC1CO1,7
COC(=O)n1ncc2c(NC(O)=NC3CCOc4cc(C(C)(C)C)ccc43)cccc21,7
CC(C)=O.CCCCCC,7
OCc1ccccc1,7
C[N+](C)(C)C.O.O.O.O.O.[OH-],7
CCOC(=O)CC(C)=O,7
C[CH]C.[Br-].[Mg+],7
c1cn[nH]c1,7
NC(C1CCCCC1)C1CCCCC1,7
C[SiH](C)O[SiH](C)C,7
[Al].[Li],7
CCCP(=O)(O)O,7
CC1(C)CC(=O)CC(=O)C1,7
N[C@@H](Cc1ccccc1)C(=O)O,7
COc1ccc(C2=NN(C)C(=O)[C@H]3CCCC[C@@H]23)cc1OC,7
O=[Si]([O-])[O-].[Mg+2],7
COc1ccc(C(C)=O)c(N=C(O)c2nc(C(C)C)cs2)c1,7
CCN(CC)S(F)(F)F,7
O=C=NS(=O)(=O)Cl,7
O=[N+]([O-])c1ccc2nc(Cl)c(Cl)nc2c1,7
[CH3].[CH3].[CH3].[CH3].[CH3].[CH3].[Sn].[Sn],7
OC(c1ccccc1)c1ccc(Cl)cc1C(F)(F)F,7
CN(C)C=O.O,7
O=C1Nc2ccc(F)cc2C1=O,7
c1ccc([As](c2ccccc2)c2ccccc2)cc1,7
CCO[Si](OCC)(OCC)OCC,7
O=C(O)CN1CCC(c2ccc(F)cc2)(c2ccc(F)cc2)C1=O,7
CC(Br)Br,7
NCCCCCCO,7
C=CCCCC,7
O=S([O-])CO.[Na+],7
N#Cc1cc(Cc2ccccc2)ccc1N,7
CC1(C)OB(c2ccc(=N)[nH]c2)OC1(C)C,7
O.O.O.O=P([O-])([O-])[O-].[K+].[K+].[K+],7
COc1ccc(C2=NN(C3CCN(C(C)=O)CC3)C(=O)CC2C)cc1OC,7
CCCCOc1nc(N)c2nc(OC)n(CCCC3CCCCN3C(=O)OCc3ccccc3)c2n1,7
COc1cc(/C=C/C(=O)CC(=O)/C=C/c2ccc(N(C)C)cc2)ccc1O,7
O=C(O)c1cccc(N2Cc3cccc(Cl)c3C2=O)c1,7
CC(=O)c1ccco1,7
Cc1nc(C)c(I)[nH]1,7
Cc1cc(Cl)cc(C(=O)O)c1N,7
BrCC1CCCCC1,7
O=BOB=O,7
Cc1cc(CO)ccc1C(=O)Cn1ccc(OCc2ccccc2)cc1=O,7
CC#N.ClC(Cl)(Cl)Cl.O,7
O=C(/C=C/c1ccccc1)c1cccc(O)c1,7
N[C@@H](Cc1ccc2ccccc2c1)C(=O)O,7
CC(C)(C)OC(=O)N1CCO[C@H](Cc2cccc(C=Cc3cccnc3)c2)C1,7
Cc1ccc(S(=O)(=O)N(CC(=O)N(Cc2ccccc2)c2ccc(O)c(C(=O)O)c2)Cc2ccccc2)cc1,7
[Li+].[Li+].[O-2],7
O=C(O)CC1OCCc2cc(Br)ccc21,7
CCN=C=NCCCN(C)C.CI,7
COC(=O)[C@@H](N)Cc1ccccc1.Cl,7
CC(C)=O.O=C([O-])[O-].[K+].[K+],7
C#C,7
C1COCCN2CCOCCOCCN(CCO1)CCOCCOCC2,7
Cc1cc(C)cc(C)c1,7
CN(C)Cc1cc2ccc(C(O)=NN=C(O)CSCCOc3ccccc3)cc2o1,7
N#Cc1ccc2c(c1)ncc(=O)n2CCN1CCC(N)CC1,7
N=C(N)S(=O)O,7
O=C(c1ccccc1)c1ccccc1,7
CCOCC.ClCCl,7
CC(C)O.ClC(Cl)Cl,7
O=C(/N=N/C(=O)N1CCCCC1)N1CCCCC1,7
CCOC(=O)/N=N/C(=O)OCC.Cc1ccccc1,7
C1CCOC1.CCO,7
CNC1(NC)C=CN=CC1,7
CC(C)C[C@H](N)C(=O)O,7
O=[N+]([O-])C1CCCCCCCCCCC1,7
ON=C1CCCCCCCCCCC1,7
C1=CN2CCCNC2CCC1,7
NC(=NO)c1ccc(C(F)(F)F)cc1,7
CC(C)OC(=O)N=NC(=O)OC(C)C.Cc1ccccc1,7
CC[C@@H]1CN2CC[C@@H]1C[C@@H]2[C@H](Oc1nnc(O[C@H](c2ccnc3ccc(OC)cc23)[C@H]2C[C@@H]3CCN2C[C@@H]3CC)c2ccccc12)c1ccnc2ccc(OC)cc12,7
COC(=O)C(O)=CC(=O)N(C)Cc1ccc(Cl)c(Cl)c1,7
OB(O)C1CC1,7
CN1c2c(cc(Nc3ccccn3)cc2C(F)(F)F)C2CN(C(=O)OC(C)(C)C)CCC21,7
CCOCC.CO.ClCCl,7
CNCc1cc2ccccc2n1C,7
O=c1ccc(Br)cn1C(F)F,7
Cc1ccc2ccc3ccc(C)nc3c2n1.O,7
F[P-](F)(F)(F)(F)F.c1ccc2c(c1)nnn2[O+]=C(N1CCCC1)N1CCCC1,7
C[C@H](N)c1ccccc1,7
CS(=O)(=O)OCC[C@@H]1OCCc2cc(C(N)=O)ccc21,6
CC(C)Oc1ccc(C(=N)O)cc1N,6
COc1cc(NCc2ccc3nc(SC)sc3c2)c([N+](=O)[O-])cc1Br,6
CC(C)OP(=O)(OC(C)C)c1ccc(N)cc1,6
CCOC(=O)C(C)(C)c1ccc(Br)cc1,6
CCOC(=O)CCc1ccc(O)c(F)c1F,6
N=C=O,6
COC(=O)c1cc(CN)cc(OC)c1.Cl,6
O=c1cc(CNS(=O)(=O)c2ccccc2)occ1OCc1ccccc1,6
CO.[Na+].[OH-],6
Cc1ccc(C(c2ccc(C)cc2)S(=O)CC(=N)O)cc1,6
O=C(Cl)OCCCl,6
O=CCCOCCCCc1ccccc1,6
COC(=O)c1cc(C2CC2)c(OCC2CCN(Cc3cccc(F)c3)CC2)cc1F,6
CCCC(CCC)(C(=O)OC)c1ccccc1,6
C[C@@H](C(O)=N[C@H](C(=O)N1Cc2cc(C(=O)O)ccc2C[C@H]1C(O)=N[C@@H]1CCCc2ccccc21)C(C)(C)C)N(C)C(=O)OC(C)(C)C,6
O=C(O)C(Cc1ccc2c(c1)CCN2C(=O)c1c(Cl)cncc1Cl)NC1=CC(=O)C12CCCCC2,6
COC(=O)O[C@@H]1CC2=CC=C3[C@@H]4CC[C@H](C(C)C=O)[C@@]4(C)CC[C@@H]3[C@@]2(C)[C@@H](OC(=O)OC)C1,6
OCC(F)(F)CCc1ccccc1,6
CCN1CCc2cc(S(N)(=O)=O)ccc21,6
C[SiH](C)c1ccccc1,6
CCC(C)O,6
[Cr].[Cr].[Na+].[Na+].[O-].[O-].[O].[O].[O].[O].[O],6
COC(=O)COc1ccc(CNC(=O)c2cccnc2Oc2ccc3c(c2)OCO3)c(F)c1,6
COC(=O)CC1Cc2ccc(OCCCCNC(=N)N)cc2N=C1O.O=C(O)C(F)(F)F,6
B.c1ccncc1,6
c1ccc2ncncc2c1,6
C1CN=C2NCCCN2C1,6
Nc1cccc2[nH]ncc12,6
Cl.N.N.O=C(O)O,6
BC#N.[Na],6
O.O.O.[Li+].[OH-],6
O.O.O.O.O.O.O=C([O-])c1ccccc1C(=O)O[O-].[Mg+2],6
Brc1cccs1,6
Cn1ccc([C@@H](N)c2ccc(Cl)c(F)c2)n1,6
O.O.[F-].[K+],6
CCOc1ccc(C=O)cc1Cl,6
O=Cc1cc(C(F)(F)F)ccc1O,6
Oc1cccc(Nc2ncc(F)c(=Nc3ccc4c(c3)OCCO4)[nH]2)c1,6
O=C(O)c1ccc(COc2cccc([C@@H](N=C(O)O[C@H]3CN4CCC3CC4)c3ccccc3)c2)cc1,6
CCCCCCOCCCCCCCCN1C(=O)c2ccccc2C1=O,6
CCOC(=O)C(C(=O)OCC)C(c1ccc(OC)c(OC)c1)C(OCC)OCC,6
N[C@@H](Cc1ccc(O)cc1)C(=O)O,6
N=C1NC(=N)C2=C1CCCC2,6
COc1ccc(CNc2cc(Oc3ccc(N=C(O)N=C(O)Cc4ccc(F)cc4)cc3F)ncn2)cc1,6
Cc1ccc(F)c(N=C=O)c1,6
Nc1cccc2c(O)cc(C(=O)O)nc12,6
O=C1c2c(O)c(=O)nc(CC3(c4ccccc4)CCCC3)n2CCN1C1CC1,6
CCCCON=O,6
O=C=Nc1ccc(Cl)c(Cl)c1,6
[O].[O].[Pb],6
CCCCCCCC,6
[Cl-].[Cl-].[Cl-].[Cr+3].c1ccc2[nH]c(CNCc3nc4ccccc4[nH]3)nc2c1,6
[Ca+2].[O-]Cl.[O-]Cl,6
C1CN=C2CCCN2C1,6
O=C(c1nc(CC2(c3ccccc3)CCCC2)nc(O)c1OCc1ccccc1)N(CCO)C1CC1,6
CN(CCO)C(=O)c1nc(CC2(c3cccc4ccccc34)CCCC2)nc(O)c1OCc1ccccc1,6
CN(Cc1nc2ccccc2n1C[C@H]1CCCNC1)[C@H]1CCCc2cccnc21,6
Cc1cccc(C)c1N=C(O)CCl,6
c1ccc(SSc2ccccc2)cc1,6
CN(Cc1nc2ccccc2n1CCN1CCCCC1)C1CCCc2cccnc21,6
ClOCl,6
Cc1ccccc1S(=O)(=O)Cl,6
CN(C)C(=NC(C)(C)C)N(C)C,6
N.N.O=S(=O)(O)O,6
CC(C)(C)OC(=O)COc1ccc(C#N)cc1C#Cc1cc(S(C)(=O)=O)ccc1F,6
CN(C)C(OCC(C)(C)C)OCC(C)(C)C,6
O=S(=O)([O-])C(F)(F)F.O=S(=O)([O-])C(F)(F)F.O=S(=O)([O-])C(F)(F)F.[Bi+3],6
CC(C)(C)OC(=O)N1CCC(CCO)CC1,6
CN=C(O)CC(c1ccccc1)c1cccc2cc[nH]c12,6
N=c1cc[nH]cc1,6
N.O=[N+]([O-])O.[Ce],6
c1ccc(P(CCCCP(c2ccccc2)c2ccccc2)c2ccccc2)cc1,6
CC(C)(C)c1ccc(C#N)s1,6
O=N[O-].[K+],6
CC(=O)[O-].[Cs+],6
CC(O)CO,6
Cl.O=C(O)/C=C/c1cnc2c(c1)CCC(O)=N2,6
O=c1cc(CNS(=O)(=O)c2ccccc2)occ1O,6
N=C(O)[C@@H]1[C@H](N=c2[nH]c(Cl)ncc2Cl)[C@H]2C=C[C@@H]1C2,6
CNCCN(C)C,6
CC(C)[NH2+]C(C)C.[c-]1nnn[nH]1,6
Cc1ccc(S(=O)(=O)NCl)cc1,6
O.O.O=P([O-])([O-])[O-].[K+].[K+].[K+],6
NC(c1cc(=O)c(OCc2ccccc2)c(C(=O)O)o1)S(=O)(=O)c1ccccc1,6
FF,6
Sc1nc2cnccc2s1,6
[Al+2].[CH2]C.[Cl-].[Cl-],6
CC(=O)O.CC(=O)O.NCCN,6
CC(C)c1ccccc1B1OC(C)(C)C(C)(C)O1,6
Cc1cc(F)ccc1Br,6
C1CCOC1.CC(C)[N-]C(C)C.[Li+],6
O=Cc1ccc(F)cc1F,6
CC(=O)[O-].[CH2]CCC.[CH2]CCC.[CH2]CCC.[Sn+],6
CC(=O)CC(C)=O,6
C=CCON([C@H]1CN(C(=O)OC(C)(C)C)[C@H](C(=O)O)C=C1C)S(=O)(=O)c1ccccc1[N+](=O)[O-],6
O.O.O.O.[Na+].[Na+].[Na+].[O-]OB([O-])[O-],6
BrCCC1CC1,6
C1CNC1,6
[CH2]C.[Cl-].[Mg+],6
CCOc1cc(OC)ccc1C1=NC(CC2CCCC2)C(c2ccc(Cl)cc2)N1,6
C=CCI,6
Nc1ccc2c(c1)OCCO2,6
C=C(C)C,6
C1CCOC1.CNC,6
CCc1nc(C=O)c(C)[nH]1,6
O.Oc1ncnc2[nH]c(S)nc12,6
NCCc1cccc(C(F)(F)F)c1,6
CC(C)(N)C(=N)O,6
OB(O)c1cncnc1,6
C[C@H](N=C1N=C(O)C(C)(c2ccc(C#N)cc2)S1)c1ccccc1C(F)(F)F,6
Cl.Cl.Cl.NC1CCN(CCN2CCC(O)CC2)CC1,6
Nc1cc(OCc2cccc(F)c2)ccc1Sc1ccc(O)cc1,6
Nc1cc(C(=O)Nc2ccc(Br)cc2)ccc1Sc1ccc(O)cc1,6
Cc1ccc(C#N)c(N=CN(C)C)n1,6
O=C(O)C1(C(=O)O)CC1,6
CN(NC(=O)c1cc2c(=NC(=O)c3ccc(CCl)cc3)[nH]n(C(=O)OC(C)(C)C)c2s1)c1ccc(Cl)cc1,6
CCc1nnn([C@H]2C[C@@H](n3cnc4c(NCC(c5ccccc5)c5ccccc5)nc(N5CC[C@@H](N)C5)nc43)[C@H](O)[C@@H]2O)n1,6
N=C(O)c1ccccc1,6
COc1ccc(Sc2cc(C(C)(C)C)c(O)c(C(=O)O)c2C)cc1,6
COC(=O)c1ccc(Br)cc1,6
Br.BrCc1ccccn1,6
C[Si](C)(C)CCOCn1cc(C(O)=N[C@@H](C(=O)N2CCC(C#N)CC2)C2CC2)c2nc(Br)cnc21,6
CC(=O)O[BH-](OC(C)=O)OC(C)=O.C[N+](C)(C)C,6
[B]=O,6
CC(C)CC1CN(C(=O)C#Cc2ccccc2)C(CC(C)C)C(O)=N1,6
CCn1nnc2c(N3CCC(F)(F)C3)nc(C(C)(C)C)nc21,6
COC(=O)C(=C1CCN(S(=O)(=O)c2c(C)n[nH]c2C)CC1)c1ccc(Cl)cc1,6
[BH4-].[BH4-].[BH4-].[BH4-].[Na+].[Na+].[Na+].[Na+],6
NCCN1C(=O)S/C(=C\c2ccccc2)C1=O,6
O=C1c2c(OCc3ccccc3)c(=O)nc(CC3(c4ccccc4)CCCC3)n2CCN1C1CC1,6
COCCOc1cc2ncnc(Nc3ccc(F)c(Cl)c3)c2cc1N,6
C#CCNNc1nc(Cl)nc(NNCCC)n1,6
O=P(O)(Oc1ccccc1)Oc1ccccc1,6
C[C@H](N(Cc1ccc(F)cc1)C(=O)CBr)C(F)(F)F,6
O.O.[Cl-].[Na+],6
O=[Si]=O,6
CC(C)O[N+](=O)[O-],6
O=C([O-])C1=NN(c2ccc(S(=O)(=O)[O-])cc2)C(=O)C1N=Nc1ccc(S(=O)(=O)[O-])cc1.[Na+].[Na+].[Na+],6
C1CCOC1.CO.O,6
SCCCS,6
CCCCCCOCCCCCCCCCCN,6
CCOCCOCCO,6
[SiH3]C(Cl)(Cl)Cl,6
CCCCCCOc1cccc(CN)c1,6
OC1=Nc2ccccc2[C@]12COc1cc3c(cc12)OCCO3,6
[K+].[K+].[S-2],6
CCC1(c2ccc(C=O)cc2)CC1,6
COc1c(C)cc(N2C(=O)N(Cc3c(F)cc(F)cc3F)c3ccccc3S2(=O)=O)cc1C,6
CCCOc1cccc(C(=O)O)c1,6
N=C1NC(=N)c2ccccc21,6
Cl.N=C1CSC(=N)N1,6
CCCCOC(C)=O,6
C[Si](C)(C)N(C(=O)C(F)(F)F)[Si](C)(C)C,6
CC(C)O.ClCCl,6
CCCC(C)C.CCOC(C)=O,6
Cc1cc(O)c(C(C)(C)C)cc1Sc1cc(C(C)(C)C)c(O)cc1C,6
COC(C)(OC)OC,6
Cc1nc(N2C[C@@H](C)N(Cc3ccc(F)cc3)C2=O)sc1C(=O)O,6
CNCc1c2n(c3ccccc13)CCC2,6
[O-][n+]1ccccc1,6
CN=CO,6
COc1cc2c(cc1N)CCC(N1CCOCC1)CC2,6
CCCCCCCCCCCC,6
CCCCCC.C[CH]CC.[Li],6
COC(=O)c1ccc2cc[nH]c2c1,6
CCOC(C)=O.CCOCC,6
CNC.Cc1ccc(S(=O)(=O)O)cc1,6
CCC(N)c1ccc(F)c(Oc2ccccc2)c1F,6
COc1ccc(C=O)cc1OC,6
S=C(Cl)Oc1ccccc1,6
CC(C)(C#N)c1ccc(CCC2(C3CCCC3)CC(O)=CC(=O)O2)cc1F,6
CC(C)(C)OOC(C)(C)C,6
Cc1ccc(Sc2ccc(O)cc2)c(N)c1,6
Cc1cccc(C)c1N=C=O,6
CC(C)(C)[C]1C=C=NC=C1.[CH2]CCC.[CH2]CCC.[CH2]CCC.[Sn],6
[C-]#[N+]CC(C)(C)OC(=O)OC,6
COc1ccc2nc(N=C(O)c3cccc(Cl)c3)sc2c1F,6
C#CCN=c1nc(NOC(C)(C)C)[nH]c(=NCCC)[nH]1.Cl,6
CCCCCC.CCO,6
CC#N.O=C=O,6
CC(O)=Nc1cccc(N)c1,6
CCCCCCCCOc1ccc(B(O)O)cc1,6
O.O.O.O.O.O.O.O=S(=O)([O-])[O-].[Zn+2],6
O=C(O)CCOc1ccccc1Cl,6
C=CCc1c(C(F)(F)F)ccc(Cl)c1O,6
O=S(=O)([O-])[O-].[Ba+2],5
CS(C)(=O)=NC(O)=Nc1ccc(N)cc1,5
Nc1ccc(O)cc1F,5
C=Cc1cc(N)c(C(=O)OCC)cc1OC(F)(F)F,5
O.[Cl-].[Cl-].[Cl-].[Cl-].[Sn+4],5
CC(C)Oc1ccc(C(=N)O)cc1N=C=S,5
COc1ccc(C#N)cc1[N+](=O)[O-],5
CC(C)(C)c1cc(C(O)=NCc2ccc([N+](=O)[O-])cc2)cc(C(C)(C)C)c1O,5
CCOC(=O)c1coc2c1C(=O)CC1(CCOCC1)C2,5
CCCSc1ncc(C(=O)O)c(SCCC)n1,5
CC1(C)CCC(=O)c2ccc(C#Cc3ccc(C(=O)O)cc3)cc21,5
CCOC(=O)CCc1c(F)cc(O)cc1F,5
O=C(O)c1ccc(N2C(=O)CC(O)=Nc3c2ccc2ccccc32)cc1,5
CCCCC1(c2cc(O)cc(O)c2)SCCS1,5
Clc1cc(N2CCN(CCCC3CCCCC3)CC2)ccc1OCc1ccccc1,5
CCS(=O)(=O)c1ccc(NC(=O)N(C)CCc2ccc(C(Nc3ccc4c(N(C(=O)OC(C)(C)C)C(=O)OC(C)(C)C)nccc4c3)C(=O)O)cc2)cc1CN,5
Cc1ccc(S(=O)(=O)N[C@H](c2ccccc2)[C@H](N)c2ccccc2)cc1,5
Cl.N[C@H]1C[C@@H](n2cnc3c(NC4CCCC4)ncnc32)[C@H](O)[C@@H]1O,5
Cc1ccc(S(=O)(=O)N(C)N=O)cc1,5
OCc1cc(F)c(Cl)nc1Cl,5
FC1(F)CC1CBr,5
CC(=O)O[C@@H]1CC2=CC=C3[C@@H]4CC[C@H](C(C)C5OCC(C)(C)CO5)[C@@]4(C)CC[C@@H]3[C@@]2(C)[C@H]2O[C@@H]12,5
Cc1ccc(S(=O)(=O)OCC2Cc3cccc(Cc4ccccc4)c3O2)cc1,5
Cc1c(CCCO)sc2ccc(Br)cc12,5
O=S(=O)(Nc1ccc2c(c1)B(O)OC2)c1ccc(O)cc1N=C(O)COc1ccccc1,5
C[SiH](C)c1ccccc1[SiH](C)C,5
CC(C)[C@@H](C(=O)N1CCOCC1)N1CC[C@H](N)C1=O.Cl,5
[Al].[H].[H].[H],5
CN1CCN(C(=O)OC2c3nccnc3C(=O)N2c2ccc(Cl)cn2)CC1,5
CC=NO,5
C[C@H](N=C(O)OC(C)(C)C)C(O)=NCC(=O)O,5
C[Si](C)(C)c1cccc(N)c1,5
CCCCCCCCCCCCN,5
O=C1N=C(O)c2ccccc21,5
CCOC(=O)C1CCCN(C(=O)c2ccccc2)C1,5
O=S(=O)([O-])S(=O)(=O)[O-].[Na+].[Na+],5
CC(C)(C)OC(=O)c1cc(C2CC2)c(OCC2(F)CCN(C(=O)OC(C)(C)C)CC2)cc1F,5
CC(C)(C)OC(=O)c1cc(C2CC2)c(OCC2(C(F)(F)F)CCCCC2)cc1F,5
CN(C)C(=[F+])N(C)C.F[P-](F)(F)(F)(F)F,5
C#CCN=c1nc(Cl)[nH]c(=NC(C)C)[nH]1,5
COc1ccc(C(O)c2ccc(Cl)cc2)cc1,5
COc1ccccc1N1CCN(CCC(c2ccccc2F)C(NC(C)C)C2CCCCC2)CC1,5
COC(=O)C1CCC(C(=O)N2CCN(c3ccc(C(O)=Nc4cccc(C(C)(C)C)c4)cn3)CC2)CC1,5
COc1cc(CNc2ccc(C)cc2)cc(OC)c1OC,5
OCCC1CC1,5
CN1CCn2c(CC3(n4ccc5cccnc54)CCCC3)nc(=O)c(O)c2C1=O,5
CC(C)N1CCn2c(CC3(c4ccc(C(F)(F)F)cc4)CCCC3)nc(=O)c(O)c2C1=O,5
NCCCC[C@H](N)C(=O)O,5
O=C(O)CCl,5
COC(=O)c1ccc(CN(Cc2cccc(OC)c2)S(=O)(=O)c2ccc(Cl)cc2)cc1,5
C=CCON([C@H]1CN(C(=O)OC(C)(C)C)[C@H](CO)C=C1C)S(=O)(=O)c1ccccc1[N+](=O)[O-],5
O=Cc1oc(CNS(=O)(=O)c2ccccc2)cc(=O)c1OCc1ccccc1,5
CN(Cc1nc2ccccc2n1CC1CCNCC1)C1CCCc2cccnc21,5
CC(C)(C)OC(=O)N1CCN(C(=O)c2ccc3cc(Oc4ccc(C(F)(F)F)cn4)ccc3n2)CC1,5
Cc1cccc(C#CC=C2CCNCC2)n1,5
CC(F)(F)c1ccc(OC(F)(F)F)c(CN[C@H]2CCCN[C@H]2c2ccccc2)c1,5
COCCOC.ClCCl,5
NS(=O)(=O)N1CCC1,5
CC(C)(C)[O-].CC(C)O.[K+],5
N=C(N)NCCC[C@H](N)C(=O)O,5
C#CCN=c1[nH]c(=NC)[nH]c(=NCC)[nH]1,5
CC(C)(C)OC(=O)N1CCC[C@H]1CO,5
C/C=C/C=O,5
COCC1CCCCN1c1ncnc(=Nc2cccc(CS(N)(=O)=O)c2)[nH]1,5
CO.N.O,5
CC(O)=N[Si](C)(C)C,5
COC(=O)C1c2ccc(OCCCN3CCN(C)CC3)cc2CCN1S(=O)(=O)c1ccc(Oc2ccc(F)cc2)cc1,5
Cc1ccncc1C#Cc1cc(Cl)ccc1OCC(=O)OC(C)(C)C,5
OC(Cc1ccccc1)=NC(S)=Nc1ccc(Oc2ccnc3ccsc23)c(F)c1,5
CCn1ncc2c(NC3CCOCC3)c(C(O)=N[C@@H](CO)c3ccccc3)cnc21,5
O.O=S(=O)([O-])[O-].[Na+].[Na+],5
CCC(=O)OC(=O)CC,5
ClCCl.[Br-].[K+],5
C[Si](C)(C)N[Si](C)(C)C.[Na],5
NN=C(O)[C@H](Cc1cnc[nH]1)N=C(O)OCc1ccccc1,5
CC(C)(C)OC(=O)N1CCC(N=C(O)c2sccc2Nc2cc[nH]c3nccc2-3)C1,5
O=C(O)C(Cl)(Cl)Cl,5
Cn1cncc1C(O)c1ccccn1,5
[BH3-]OC(C)=O.[Na+],5
CC(C)(C)N.F,5
O=C([O-])C(F)(F)F.O=C([O-])C(F)(F)F.O=C([O-])C(F)(F)F.[B+3],5
BrCBr,5
O=C(O)CCCCCCCSc1ccc(Cl)cc1,5
C[C@@H](N=C(O)C(O)[C@H](CCCCN=C(O)N1CCOCC1)N=C(O)OCC1(Cc2ccccc2)CCCCC1)c1ccccc1,5
CCCCCC[SiH](CCCCCC)CCCCCC,5
O=C[C@H](O)[C@@H](O)[C@H](O)CO,5
CCl,5
C=C,5
O=S(Br)Br,5
CC(C1OCC(C)(C)CO1)[C@H]1CC[C@H]2[C@@H]3[C@H](O)C=C4C[C@@H](O)[C@@H]5O[C@@H]5[C@]4(C)[C@H]3CC[C@]12C,5
O=C(O)c1ccc(B(O)O)cc1,5
Cc1cnc2c(ccc3c(C)c(C)cnc32)c1C,5
CCOC(=O)C(=O)OCC,5
COC(=O)C=P(c1ccccc1)(c1ccccc1)c1ccccc1,5
COc1ccc(C2COCCOC2)c2sc(NC(=O)c3ccc(C)s3)nc12,5
[Cl-].[Cl-].[Mn+2],5
CN(Cc1ccccc1)c1ncnc2c(N3CCOCC3)nc(Cl)nc12,5
N#CCC(=O)O,5
CCOC(=O)C[C@H]1O[C@H](c2cccc(OC)c2OC)c2cc(Br)ccc2N(Cc2ccc(OC)cc2OC)C1=O,5
Cl.Cl.NN,5
Oc1cccc2ccccc12,5
O=C(O)CNCC(=O)O,5
COCO[C@H]1CCN([C@@H](CO)c2ccccc2)C1,5
O=C(O)c1cccc(OO)c1C(=O)O,5
CC1(C)OC(=O)C(Cc2ccc(Cl)cc2)C(=O)O1,5
COC(=O)N1CCC(N2CCC(n3c(O)nc4ccccc43)CC2)CC1,5
O.O.O.O.O.O.O.[Ce+3].[Cl-].[Cl-].[Cl-],5
CC(C)(C)OC(=O)N1CC[C@H](O)[C@H]1C(=O)O,5
Br.Cc1ccnc(C(=O)CBr)c1,5
CS(=O)(=O)c1[nH]nc2cnccc12,5
N#Cc1ccc(N=C=O)c2c1CCCC2,5
NS(=O)(=O)c1cc(Br)ccc1NC(=O)c1c(O)c2cccnc2n(Cc2ccccc2)c1=O,5
CCN(CC)C(=O)c1ccc2c(c1)Oc1c(OC)cccc1C2C1CCNCC1,5
Brc1c[nH]c(=NCc2ccncc2)[nH]c1=NC1CCN(Cc2ccccc2)CC1,5
C=CCCC[C@@H]1C[C@H](O)C[C@](O)([C@@H]2CSC(=O)N2Cc2ccc(OC)cc2)O1,5
CCOC(=O)C=C(c1ccccc1)c1cccc2[nH]cc(C#N)c12,5
CC(C)(C)OC(O)=NC(C(=O)O)C(C)(C)C,5
Cl.NN,5
COc1ccc(CN=Cc2cc3cncnc3s2)cc1OC,5
CCOP(=O)(OCC)C(N=C(O)COC(=O)c1cn(C2CC2)c2c(OC)c(N3C[C@@H]4CCCN(C(=O)OC(C)(C)C)[C@@H]4C3)c(F)cc2c1=O)P(=O)(OCC)OCC,5
CCCCN=c1nc2c(nc(OC)n2CC[C@@H]2CCOC2)c(N)[nH]1,5
COc1nc2c(N)nc(OCCC3CC3)nc2n1CCC1CCOC1,5
CC(C)OC(=O)[C@H](O)[C@@H](O)C(=O)OC(C)C,5
N[C@@]1(c2ccc(F)cc2F)CO[C@@H](COCc2ccccc2)C[C@H]1CO,5
CC1(C)OB(c2ccc(NC(O)=Nc3cc(C(F)(F)F)ccc3F)cc2)OC1(C)C,5
OC1=Nc2ccccc2C12COc1cc3c(cc12)OCO3,5
CC(O)(c1ccc(Cl)cc1)C1CC1,5
BrP(Br)(c1ccccc1)(c1ccccc1)c1ccccc1,5
CC/C=C\C/C=C\C/C=C\C/C=C\C/C=C\CCCC(O)=NCCN,5
COC(=O)c1ccnc(N2CCN(CC3CC3)C2=O)c1,5
C#CCN=c1nc(N(C)OC)[nH]c(=NCCC)[nH]1,5
Oc1cncc(Cl)c1,5
c1ccc(P(CCP(c2ccccc2)c2ccccc2)c2ccccc2)cc1,5
OB(O)c1ccoc1,5
COc1ccc(Cl)cc1/C=C1\CN=C(O)CN(S(=O)(=O)c2ccc(Cl)c(C(=O)O)c2)C1=O,5
OC[C@H]1CCCN1,5
CN1CCn2c(CC3(n4ccc5cccnc54)CCCC3)nc(=O)c(OCc3ccccc3)c2C1=O,5
Cc1ccccc1CCc1cnc(O)c(O)c1,5
CC(=O)C(Cc1ccccc1)Sc1ccccc1,5
C=CCON([C@H]1CN[C@H](C(=N)O)C=C1C)S(=O)(=O)c1ccccc1[N+](=O)[O-],5
Cc1csc(CC#N)n1,5
COc1ccc(CC2(OC(=O)c3ccccc3)C(=O)N(CCCC(C)C)c3ccc(C)cc32)c(O)c1,5
COC(=O)c1cc(I)c(N)cc1Cl,5
Cl.Fc1ccccc1C1CCCNC1,5
Nc1cc(Br)ccc1N(CCC(F)(F)F)Cc1ccccc1,5
CC(C)Oc1ccc(C(=N)O)cc1[N+](=O)[O-],5
CCOC(=O)CN=C=O,5
c1ccc2c(c1)CCNC2,5
O=P(Cl)(Cl)OP(=O)(Cl)Cl,5
CC(S)S,5
CC(C)(C)S,5
Clc1ccc(C2CNCCC2COc2ccc(Cl)cn2)cc1,5
CCN1CCN(c2nc(Br)cc3ccsc23)CC1,5
O=C(CO)[C@@H](O)[C@H](O)[C@H](O)CO,5
O=S(=O)([O-])c1ccccc1I.[Na+],5
OC(/C=C/c1ccccc1F)=NCCn1cnc2ccccc21,5
CC1(C)COc2cc3c(cc21)C1(CO3)C(O)=Nc2ccccc21,5
CO[NH3+].[Cl-],5
c1ccc(CCN2CCNCC2)cc1,5
COCCOCCOC,5
O=C(N=NC(=O)OCc1ccccc1)OCc1ccccc1,5
CCC(C)(CC)c1ccc(C=O)cc1,5
N=C(N)N,5
[Cl-].[O+]#P,5
[N-]=[N+]=NCC1Cc2ccc3ccccc3c2O1,5
C[S+](C)C.[I-],5
CC(C)(c1ccc(O)cc1)c1ccc(O)cc1,5
CS(=O)(=O)N=C(O)c1cc(F)c(F)cc1F,5
CCCc1cnc(N2CCC(O)(C3Cc4cc(C5=CCNCC5)cc(F)c4O3)CC2)nc1,5
O=C(O)c1cc(C2CC2)c(OCC23CC4CC(CC(C4)C2)C3)cc1F,5
O=P(Cl)(Cl)Oc1ccccc1,5
CCCCCCCCCCCCOS(=O)(=O)c1ccccc1.[Na],5
O.On1nnc2cccnc21,5
CC(C)C1CC=CCCC=CCC(C(C)C)N=N1,5
O=C(Br)Br,5
CC(C)(C)P(c1ccccc1)C(C)(C)C,5
O=PCl,5
C1=NCCCN2CCCCC12,5
PCCC(c1ccccc1)c1ccccc1,5
CC(C)(C)O.ClCCCl,5
CC[N+](=O)[O-],5
CCOC=O,5
Cl[Si](Cl)(Cl)Cl,5
C[N+](C)(CC[N+](C)(C)Cc1ccccc1)Cc1ccccc1.[Br-].[Br-],5
Clc1ccc(Cc2c(Cl)nc3ccc(Br)cc3c2Cl)cc1,5
O=C1CCCC(Cl)C1C(=O)c1ccc2c(c1Cl)CCS2(=O)=O,5
COC(=O)CP(=O)(OCC(F)(F)F)OCC(F)(F)F,5
CCCCn1cc[n+](C)c1.F[B-](F)(F)F,5
CC(C)(C)OC(O)=NC(C(O)=NC1c2ccccc2CC1O)C(C)(C)C,5
O=C(O)CCCc1ccc(B(O)O)cc1,5
CC(C)(C(N)c1ccccc1)N1CCCC1,5
CP[C@H](C)[C]1C=CC=C1P(c1cccc2ccccc12)c1cccc2ccccc12,5
COC(=O)N=NC(=O)OC,5
O=CCO,5
C1CCOC1.CCc1ccccc1,5
O=C(O)c1cnc(OCC23CC4CC(CC(C4)C2)C3)c(C2CC2)c1,5
CNS(N)(=O)=O,5
CC(C)(C)c1cc(CCC(=O)OCC(COC(=O)CCc2cc(C(C)(C)C)c(O)c(C(C)(C)C)c2)(COC(=O)CCc2cc(C(C)(C)C)c(O)c(C(C)(C)C)c2)COC(=O)CCc2cc(C(C)(C)C)c(O)c(C(C)(C)C)c2)cc(C(C)(C)C)c1O,5
CCC[PH](=O)O[PH](=O)CCC,5
O=C(O)C(O)C(O)C(=O)O,5
[B]=C=[N-].[Na+],5
CC1CCN(CCN2CCC(N)CC2)CC1.Cl.Cl.Cl,5
Cc1ncccc1C(=N)O,5
O=C([O-])O.O=C([O-])[O-].[Na+].[Na+].[Na+],5
CC[C@H](C)[C@H](N)C(=O)O,5
c1ccc(C(c2ccccc2)c2ccccc2)cc1,5
OC(O)C(Cl)(Cl)Cl,5
B(C1CCCCC1)C1CCCCC1,5
Cc1c(OCCN2CCOCC2)cn2ncnc(Oc3ccc(C(C(=N)O)C(=O)Nc4ccc(F)cc4)cc3F)c12.Cl,4
Cc1c(OCCN2CCOCC2)cn2ncnc(Oc3ccc(N=C(O)CC(=O)Nc4ccc(F)cc4)cc3F)c12.Cl,4
CC(C)(CN=C(O)OC(C)(C)C)CNc1ccccc1N,4
Cc1ccccc1NS(=O)(=O)c1ccc(N)cc1,4
Cc1ccc(C(C)(C)C)cc1Oc1nc(C(=O)O)co1,4
CC1(C)CC=C(c2nccs2)c2cc(C#Cc3ccc(C(=O)O)cc3)ccc21,4
CCOC(=O)C[C@H]1Cc2ccc(OCCCNc3ccccn3)cc2Cc2ccccc21,4
C[N+](C)(C)N.[I-],4
N=C(N)N.O=[N+]([O-])O,4
Cc1ccccn1,4
c1ccc(COOCc2ccccc2)cc1,4
O=S(=O)(Cl)c1ccc(Br)c(C(F)F)c1F,4
COc1ccc(S(=O)(=O)Cl)cc1,4
COc1c(N=C(O)c2ccc(C)c(N=[N+]=[N-])c2)cc(C(C)(C)C)cc1NS(C)(=O)=O,4
CO.FB(F)F,4
[Ca],4
[Ag],4
O=C(O)[C@H](Cc1ccc([N+](=O)[O-])cc1)NCN=C(O)Cc1ccccc1,4
CCCCN1CCN2CCN(CCCC)P1N(CCCC)CC2,4
CCCBr,4
CCCCCO,4
N#Cc1ccc(CCl)cc1,4
CC(C)O.CC(C)OC(C)C,4
[Cr+2].[OH-].[OH-].[O].[O],4
O=C(O)c1cc(N2CCCC2=O)cc(N2CCCC2=O)c1,4
C1CCOC1.[Na+].[OH-],4
CC(C)(C)OC(=O)N(COCC[Si](C)(C)C)C1=N[C@](C)(c2cc(Br)ccc2F)C2C[C@]2(C(=O)O)S1,4
COc1ccc2c(c1)OC(COS(=O)(=O)c1ccc(C)cc1)C2,4
C1CCOC1.CP(C)C,4
Cc1ccc(S(=O)(=O)OCC2Cc3cc(C)c4c(c3O2)CCC4)cc1,4
CC(C)C(C)BC(C)C(C)C,4
CC(=O)c1ccc(S(=O)(=O)[O-])cc1.[Na+],4
O=S(=O)(Cl)c1cccc2cncc(Br)c12,4
O=Cc1ccc(F)cc1,4
CCCC1=CC(CCC)=C(c2ccccc2)C(CCC)(P(C2CCCCC2)C2CCCCC2)C1,4
COc1ccccc1CCl,4
C[C@H](N)C(=O)O,4
ClCCl.O.O=C(O)C(F)(F)F,4
Cl.Clc1ccncc1,4
CC(=O)OCc1c2ccccc2c(COC(C)=O)c2ccccc12,4
O=C([O-])[O-].[Ag+2],4
O=C=NCc1ccc(Br)cc1,4
CC(=O)S,4
CC(=N)O,4
C[Si](C)(Cl)Cl,4
OCCCl,4
[CH2]CCCCC.[Li],4
CC(C)CCc1cncc(C#N)c1,4
COc1cc(Br)cnc1N1CCN(C)CC1,4
NN=C(c1ccccc1)c1ccccc1,4
CCOC(=O)c1ccc(CN2CC[C@@H](N=C(O)OC(C)(C)C)C2)c(C(F)(F)F)c1,4
Brc1csc2ccccc12,4
Brc1ncccn1,4
Brc1cccc2cnccc12,4
CC(C)(C)OC(=O)N(C(=O)OC(C)(C)C)c1nccc2cc(N)ccc12,4
Brc1ccc2scnc2c1,4
O=C(CCl)OC(=O)CCl,4
CS(=O)(=O)O.O=P12OP3(=O)OP(=O)(O1)OP(=O)(O2)O3,4
[Cs+].[OH-],4
CC(C)(C)OC(=O)c1cc(C2CC2)c(O[C@@H]2CCCN(C(=O)OC(C)(C)C)C2)cc1F,4
CC(C)(C)OC(=O)c1cc(C2CC2)c(OCC2(C#N)C3CC4CC(C3)CC2C4)cc1F,4
CC(C)CCO[N+](=O)[O-],4
CC(C)CNCC(C)C,4
C#Cc1cc(Cl)ccc1OCC(=O)OC(C)(C)C,4
COC(=O)c1cc(Cl)c(CO)cc1F,4
CC(C)(C)c1cccc(N=C(O)c2ccc(N3CCN(c4ccc(C(=O)O)cc4)CC3)nc2)c1,4
O=C(O)CCCCCNN1C(=O)C=CC1=O,4
Cl.N.[N]N=[N-].[Na+],4
Fc1ccc(N2CCNCC2)cc1,4
Cl.ClCCN1CCOCC1,4
Brc1ccc2ccccc2c1,4
Cl.Clc1cccc(N2CCNCC2)c1,4
C1CCOC1.CCN(CC)CC,4
Brc1ccccn1,4
CCCCCCCC/C=C\CCCCCCCC(=O)O,4
CCCCCCC(=O)c1c[nH]c2ccccc12,4
OCCBr,4
OCc1ccc(B(O)O)s1,4
CCc1c(N[C@@H](C(O)=NN=C(O)c2ccccc2)[C@H](C)O)ccc(C#N)c1Cl,4
ClCC(Cl)Cl,4
O=C(O)c1ccc(C2CC2)c(OCC2CCCO2)n1,4
CC(C)(C)OC(=O)N1CCC(OS(C)(=O)=O)CC1,4
CC(C)[N-]C1CCCCC1.[Li+],4
OC(c1ccccc1)(c1ccccc1)[C@@H]1CCCN1,4
N[C@@H](CC(=O)O)C(=O)O,4
C[Si](C)(C)N=C(O)N[Si](C)(C)C,4
CC[O-].[K+],4
c1ccc2[nH]cnc2c1,4
[PH4+],4
CO.[K+].[OH-],4
C1CCCCCC(N2CCCCCCCCCN2)CCCC1,4
O=Cc1ccc(O)cc1Cl,4
c1ccc2c(C3CCC4(CC3)OCCO4)c[nH]c2c1,4
CC(C)Br,4
COC(=O)/C=C/c1ccc2c(c1)C(=O)CC1(CCN(C(=O)OC(C)(C)C)CC1)O2,4
N#C[C@@H](O)c1cccc(Oc2ccccc2)c1,4
B.CCN(CC)c1ccccc1,4
CCCCOC(=O)Cl,4
COC(=O)CCS,4
c1ccc(N=Nc2ccccc2)cc1,4
CCCC[N+](CCCC)(CCCC)CCCC.[N]N=[N-],4
[C-]#[C-].[Na+].[Na+],4
CCOc1ccc(C(CC(=N)O)N2C(=O)c3cc4ccccc4cc3C2=O)cc1OC1CCCC1,4
CCN(CC)CC.O=C(O)C(F)(F)F,4
CCCCC#Cc1c[nH]nc1C1=CCCN(C)C1,4
C1CCN2C[C@@H]3C[C@@H](CN4CCCC[C@@H]34)[C@H]2C1,4
Nc1ccc(Br)c(Cl)c1,4
c1ccc2ccccc2c1,4
CCN(CC)c1cnc2n(c1=O)[C@H](C(O)=NCc1ccc(C(N)=NC(=O)OC(C)(C)C)cc1)CC2,4
O=C([O-])CC(O)(CC(=O)[O-])C(=O)[O-].[Na+].[Na+].[Na+],4
CN1CCN(c2ncccc2B2OC(C)(C)C(C)(C)O2)CC1,4
O=S(=O)([O-])[O-].[NH3+]O.[NH3+]O,4
C[Si](C)(C)CCOCn1cc(C#N)nc1C(=O)[O-].[K+],4
CC(N=C(O)c1ccc(N)c(Cl)c1)C(=O)N1CCCC1C(O)=NC1CC(=O)OC1OCCc1ccccc1,4
N#CN,4
CC[Si](CC)(CC)OS(=O)(=O)C(F)(F)F,4
Cl.O=C(O)Cc1cccnc1,4
CC(C)(C)OC(=O)N1CCC[C@@H](N=C(O)[C@H](Nc2cc(F)cc(Cl)c2)C2CC2)C1,4
[Br-].[Mg+].[c]1ccccc1,4
N.N.O=P(O)(O)O,4
CC(N)CN,4
CC(C)(C)OC=O,4
C[SiH](C)C(C)(C)C,4
C=C(c1ccccc1)C1CCCCC1,4
CC(C)(C)OC(=O)N1CCC(C(=N)NO)CC1,4
Cc1cc(C)n2nc(C=O)nc2n1,4
COC[C@@H]1[C@H](C=O)[C@]1(C)c1ccc2c(c1)C(C)(C)CCC2(C)C,4
[Al+].[C-]#N.[CH2]C.[CH2]C,4
Cc1ncccc1CCl.Cl,4
CCCCCC.ClCCl,4
CC(C)OC(=O)N1CCC(n2ncc(COc3ccc(SCCO[Si](C)(C)C(C)(C)C)cc3F)c2C#N)CC1,4
CC(C)N(C(C)C)C(C)C,4
C[Si](C)(C)N[Si](C)(C)C.[K],4
CC(=O)Br,4
OB1OCc2cc(F)ccc21,4
COP(OC)OC,4
OC(=NC1=N[C@@]2(c3ccc(F)cc3F)CO[C@@H](COCc3ccccc3)C[C@H]2CS1)c1ccccc1,4
O=S(=O)([O-])C(F)(F)F.O=S(=O)([O-])C(F)(F)F.[Mg+2],4
[Nd+3].[Nd+3].[O-2].[O-2].[O-2],4
C[C@@]1(C(O)=Nc2ccc(F)nc2)CCCN1c1nc(Cl)nc(N=c2cc(C3CC3)[nH][nH]2)n1,4
CC(C)I,4
CC(O)=N[C@@H](CS)C(=O)O,4
NS(=O)(=O)C1CC1,4
COC(=O)c1ccc2c(c1)[nH]c1cc(Br)cnc12,4
NC(=O)c1sc(Br)cc1N,4
CCc1cc(O)c(O)nn1,4
Clc1ncc(Br)cn1,4
COC(=O)c1ccc(COc2cccc3ccc(S(=O)(=O)O)cc23)cc1,4
[SH3+],4
OC[C@@H]1CCCN1,4
CN(C)CN(C)C,4
C1=C(c2ccccc2)[C@@H]2C=C(c3ccccc3)[C@H]1CC2,4
O=S(=O)(Cl)Cc1cc(Cl)cc(Cl)c1,4
CC(C)(C)[C@H]1COC(c2ccccn2)=N1,4
O=Cc1ccc2[nH]c3ccccc3c2c1,4
O=C1OC(c2ccc(O)cc2)(c2ccc(O)cc2)c2ccccc21,4
CC(C)(C)OC(O)=NC1CCN(CCOS(C)(=O)=O)CC1,4
O=[N+]([O-])c1ccc2ccccc2n1,4
CCNCC.Cl,4
O=S(=O)([O-])[O-].[Ca+2],4
CCc1nc(C)c(/C=C/C(=O)O)[nH]1,4
NN1CCCC1,4
Cl.O.[Cl-].[Na+],4
O=S(=O)(O)CCN1CCOCC1,4
CCOc1ccc(/C=C2\SC(=O)N(CCN=C(C)O)C2=O)cc1,4
CC(C)(C)OC(=O)N1CCC(N)CC1,4
CC(C)(C)OC(O)=N[C@H]1CCNC1,4
N#CC(=NO)c1ccccc1,4
CC(C)O.N#N,4
C#N,4
O.O.O.O.O.O.O.O=P([O-])([O-])O.[Na+].[Na+],4
COC(C)O,4
C1=c2ccccc2=C(c2cccc3ccccc23)C(P(c2ccccc2)c2ccccc2)(P(c2ccccc2)c2ccccc2)C1,4
c1ccc(P(c2ccccc2)c2ccccn2)cc1,4
Clc1ccccn1,4
C1CCC2OCCOCCOC3CCCCC3OCCOCCOC2C1,4
C=C(C)CC,4
O=[N+]([O-])c1cc(S(=O)(=O)O)ccc1[O-].[Na+],4
O=C1OC(=O)c2ccccc21,4
CCOC(=O)C(C#N)=NO,4
Cl.ClCCCl,4
CCN=C=NC(CCNC)NC,4
N#Cc1ccccc1,4
CC(=O)Oc1cccc(I)c1OC(C)=O,4
[Mg+2].[Mg+2].[O-][Si]([O-])([O-])[O-],4
CCCC=CCCCCCC,4
N=C(O)c1ccc[n+]([C@@H]2O[C@H](COP(=O)(O)OP(=O)(O)OC[C@H]3O[C@@H](n4cnc5c(N)ncnc54)[C@H](OP(=O)(O)O)[C@@H]3O)[C@@H](O)[C@H]2O)c1,4
O=C(O)Cc1cccs1,4
COC(=O)C(O)C(C)C,4
COc1cccc(OC)c1,4
N.On1nnc2ccccc21,4
C=O.O,4
Cc1cc(C)c(Br)c(C)c1,4
CS(=O)c1nc2ccccc2s1,4
CC(C)(C)OC(=O)[O-].[Na+],4
CC(=O)[S-].[K+],4
CCC(=N)O,4
CCCC[N+](CCCC)(CCCC)CCCC.CCCC[N+](CCCC)(CCCC)CCCC.O=S(=O)([O-])[O-],4
OC(c1ccccc1)(c1ccccc1)c1ccccc1,4
OB(O)c1ccc(C(F)(F)F)cc1,4
O.O=S(=O)(O)c1ccc(P(c2ccccc2)c2ccc(S(=O)(=O)O)cc2)cc1.[K].[K],4
O=C1N=C(O)CC(O)=N1,4
c1ccc(Cc2ccccc2)cc1,4
C1CCC2CCCCC2C1,4
CC(C)c1cc(C(C)C)c(S(=O)(=O)Cl)c(C(C)C)c1,4
CC(=O)N(C)Cl,4
O=S(=O)(O)c1cccc(P(c2cccc(S(=O)(=O)O)c2)c2cccc(S(=O)(=O)O)c2)c1.[Na].[Na].[Na],4
CCCCCCCCBr,4
CC(C)(C)OC(O)=NC1CCN(CCn2c(=O)cnc3ccc(F)cc32)CC1,4
F[P-](F)(F)(F)(F)F.[PH4+],4
[Cr].[Cr].[K+].[K+].[O-].[O-].[O].[O].[O].[O].[O],4
O=Cc1ccc(F)c(Cl)c1,4
CCN(CC)CC.CCOC(=O)Cl,4
CC(C)(C)P(Cl)C(C)(C)C,4
c1ccc2c(c1)OCCOCCOc1ccccc1OCCOCCO2,4
C1CC2CCCC(C1)B2B1C2CCCC1CCC2,4
C1CCN(P(N2CCCC2)[NH+]2CCCC2)C1.F[P-](F)(F)(F)(F)F,4
N#Cc1c(Cl)nc[nH]c1=N,4
CC(=O)N1c2ccc(B3OC(C)(C)C(C)(C)O3)cc2C(N=C(O)OC(C)C)CC1C,4
CC(C)(C)c1ccc(C=O)cc1,4
O=Cc1cccc(Oc2ccccc2)c1,4
CCC[N+](=O)[O-],4
[Cl-],4
CCCCCN1C(=O)C2(COc3cc4c(cc32)OCO4)c2c(Br)cccc21,4
CC(C)(C)O.O,4
CCc1cc(CCC2(C3CCCC3)CC(=O)CC(=O)O2)cc(Cl)c1OC,4
N#Cc1cnc2ccc(C=C3SC(=NCc4cccs4)NC3=O)nc2c1,4
C1CCC([PH+](C2CCCCC2)C2CCCCC2)CC1.F[B-](F)(F)F,4
CN(C)C=O.ClCCl,4
CCCN1C(=O)S/C(=C\c2ccc(OCC)cc2)C1=O,4
O=C=Nc1ccc(N=C=O)cc1,4
CBr,4
N=c1nc2c(c[nH]1)C(=O)CC(c1ccc(Cl)cc1)C2,4
C1CCOC1.C[Si](C)(C)[N-][Si](C)(C)C.[K+],4
N=c1[nH]c2ccccc2s1,4
O=C(O)c1cc(C2CC2)c(O[C@@H]2CCCN(Cc3cc(Cl)cc(Cl)c3)C2)cc1F,4
OB(O)C1=Cc2ccccc2CC1,4
C#CCO,4
CCCCCCCCCCCCCCCCCC(=O)O,4
OCC1CCCO1,4
COC(=O)[C@@H]1CCCN1S(=O)(=O)c1c[nH]c(=N)s1,4
OCCOCCOCCO,4
CC(C)N=C=O,4
B.C1CCOC1.CSC,4
Cl.N.N.O,4
O=C1OC(=O)C(Cl)=C1Cl,4
CN=C=O,4
Cl.N=c1nc[nH]s1,4
O=C(c1ccc(Cl)cc1)c1ccc(Cl)cc1,4
O=C(c1ccc2[nH]c(C(=O)N3CCS(=O)(=O)CC3)cc2c1)N1CCN(C2CCCC2)CC1,4
CCN(CC)CC.CCOC(C)=O.CO,4
N=C(O)c1ccc[n+]([C@@H]2O[C@H](COP(=O)(O)OP(=O)(O)OC[C@H]3O[C@@H](n4cnc5c(N)ncnc54)[C@H](O)[C@@H]3O)[C@@H](O)[C@H]2O)c1,4
CCOC(=O)C(O)C(O)C(=O)OCC,4
CC(C)(C)O[N+](=O)[O-],4
COc1cc(C(CC(=N)O)N2C(=O)c3cc4ccccc4cc3C2=O)ccc1OC1CCCCC1,4
N=CO,4
CCOC(=O)C(Cl)C(C)=O,4
O.O.O=[I+](=O)([O-])O,4
O=C(Cl)Oc1ccc([N+](=O)[O-])cc1,4
[Nd],4
F[P-](F)(F)(F)(F)F.[NH4+],4
Nc1ccc([N+](=O)[O-])cc1N,3
CC(C)CN(CC(C)C)c1ccc(Br)cc1N,3
C1CC2CNCC1O2.Cl,3
CCOC(=O)COc1cccc2c1CC(=CCCN1CCC(O)(c3ccc(Cl)cc3)CC1)c1cccnc1O2,3
O=S(=O)([O-])C(F)(F)F.O=S(=O)([O-])C(F)(F)F.[Ca+2],3
Cl.ClCCN1CCCCC1,3
O=C(c1cccc2c1C(F)(F)C(O)=N2)C(F)(F)F,3
CCCCNCCCC,3
Oc1cccc(C(F)(F)F)c1,3
COc1ccc(C(=O)Cl)cc1,3
COc1cccc(B(O)O)c1,3
[Cr+6].[O-2].[O-2].[O-2],3
CC(O)=Nc1cccc2c1C(=O)C(N=C(C)O)CC2,3
C=COC(=O)Cl,3
O=C(O)CSc1csc(N=C(O)c2cn(CC3CC3)c3cc(F)ccc23)n1,3
Cl.O=S(=O)(Cl)Cl,3
CCN=C=NCCCN(C)C.Cl.On1nnc2ccccc21,3
CCN(CC)C(C)N1CCN=C(O)C1c1ccccc1,3
CN(C)C(OC(C)(C)C)N(C)C,3
N#CCCCN=NCCCC#N,3
COc1ccc(C2(C#N)CC2)cc1CN[C@H]1CCCN[C@H]1c1ccccc1.Cl.Cl,3
[2H]C(Cl)(Cl)Cl,3
CCC(=O)OO,3
C[C@@H]1[C@@H](B(Cl)[C@H]2C[C@@H]3C[C@H]([C@@H]2C)C3(C)C)C[C@@H]2C[C@H]1C2(C)C,3
C#CCCCO,3
C1COCN1,3
C=CCO[C@@H]1C[C@H](NC[C@@H](O)[C@@H](N)Cc2cc(F)cc(F)c2)c2cc(Br)ccc21,3
COc1cc(C(F)(F)F)ccc1C1CCCN(C(=O)c2cnnc(Cl)c2)C1,3
COC(=O)CCl,3
CCOC(=O)[C@H](Cc1ccc(OCC(=O)O)cc1)OC,3
FC(F)=C(F)Cl,3
COc1ccc(Nc2ncc(C(C)N=C(O)C3CCOCC3)nn2)cc1,3
N[C@@H]1CN2CCC1CC2,3
ClCCl.[Na+].[OH-],3
Ic1ccccc1,3
COc1ccc2cc([C@H](C)C(=O)O)ccc2c1,3
COC(O)=N[C@H](C(=O)O)C(C)C,3
CC(=O)[O-].CC(=O)[O-].[CH2]CCC.[CH2]CCC.[Sn+2],3
CC(C)c1ccccc1N1CCNCC1,3
Cc1ccc(O)c(N=Nc2ccccc2[N+](=O)[O-])c1,3
CCC(C)(C)c1cc(N=Nc2ccccc2[N+](=O)[O-])c(O)c(C(C)(C)CC)c1,3
Nc1cnccn1,3
CN(C)CCCCl,3
COC(=O)OC,3
O=C(O)C(F)(F)F.O=S(=O)(O)C(F)(F)F,3
Cc1c2ccccc2c(C)c2c1ccc1ccccc12,3
O=C1OCCO1,3
CC(=O)SCCN=C(O)[C@H](CS)N=C(C)O,3
[Bi+3].[Br-].[Br-].[Br-],3
CN(C)Cc1ccccc1,3
O=C(OC(=O)C(Cl)Cl)C(Cl)Cl,3
[N-]=[N+]=C1CCCCCCCCCC1C1CCCCCCCCCC1,3
CN1C(=O)C(=O)c2cc(S(=O)(=O)N3CCC[C@H]3COc3ccccc3)ccc21,3
OC1=Nc2ccccc2N[C@H]1Cc1cccs1,3
COC(=O)c1cc(O)c2cc(C#CCOCc3ccccc3)cc(OCc3ccccc3)c2n1,3
COc1cccc(OC)c1C(O)=N[C@H]1CCC[C@H]1N=c1cnc2ccccc2[nH]1,3
CN(C)[S+](N(C)C)N(C)C.C[Si-](C)(C)(F)F,3
CO.O=CO,3
CC(C)CC(=O)Cl,3
Sc1nc[nH]n1,3
CCN(CC)C(=O)Cl,3
C[Si](C)(C)[NH-].C[Si](C)(C)[NH-].[Na+].[Na+],3
F[n+]1cc(Cl)cc(Cl)c1.O=S(=O)([O-])C(F)(F)F,3
CC(C)(C)OC(=O)N1CCO[C@H](Cc2cccc(CO)c2)C1,3
O=[N+]([O-])c1ccccc1O,3
CC(=O)[O-].[Li+],3
CCCCCCCCCCCCN(CCCC(=O)OCC)CCOc1ccc(CCC(=O)C(F)(F)F)cc1,3
CC(C)(C)c1ccccc1,3
CC(C)C(=O)O,3
COC[P+](c1ccccc1)(c1ccccc1)c1ccccc1.[Cl-],3
[Br-].[Br-].[Br-].[In+3],3
C=C[B-](F)(F)F.[K+],3
CC1OC(OP(=O)(O)OP(=O)(O)OCC2OC(n3cnc4c(O)nc(=N)[nH]c43)C(O)C2O)C(O)C(O)C1O,3
CC(C)N(C=O)C(C)C,3
CCCCC=CCCCC,3
CC(C)C(=O)C([N+]#N)=[P-](=O)(O)O,3
CCOC(=O)C(F)(F)F,3
CC1(C)OB(c2ccc(OC(F)F)c(OC3CC3)c2)OC1(C)C,3
COC(=O)c1cn2ncc(C#N)c(Nc3ccc(Oc4ccccc4OC(C)(C)C(=O)OC(C)(C)C)cc3)c2c1C,3
BrCc1ccccc1Br,3
COc1cccc(S)c1,3
NC1CCCCC1N,3
Cc1nc(CCl)n(C)n1,3
O=C1OC(CCC2=CCCCC2)(C2CCCC2)CC(O)=C1Cl,3
COC(=O)CC(=O)CC(O)(CCC#Cc1cc(C)c(O)cc1C)C1CCCC1,3
CC(=O)c1ccc(O)c(C=O)c1,3
O=C(O)C1Cc2ccccc2C1,3
OCCN1CCNCC1,3
CCC=O,3
O=C([O-])[C@@H]1CCCN1.[Na+],3
Cc1ccc(S(=O)(=O)[O-])cc1.[Na+],3
Clc1cccnc1Cl,3
CC(C)O.N.O,3
COc1nc(=NCCN(C)C(=O)OC(C)(C)C)[nH]c(OC)c1N=C(O)c1coc(Oc2cc(C(C)(C)C)ccc2C)n1,3
N=C(O)c1oc2ccc(Cl)cc2c1N,3
COc1ccnc2c1ccc1c(OC)ccnc12,3
C[S+](C)(C)=O.[I-],3
C1=CCC(P(C2CCCCC2)C2CCCCC2)(P(C2CCCCC2)C2CCCCC2)C(c2ccccc2)=C1,3
CC/C=C\C/C=C\C/C=C\C/C=C\C/C=C\CCCC(=O)O,3
O=C(O)c1cccc(I)c1,3
N.O=C(O)C(F)(F)F,3
CN(C)c1ccc(P(C(C)(C)C)C(C)(C)C)cc1,3
C1CN2CCN1CC2.[Al].[Al].[CH3].[CH3].[CH3].[CH3].[CH3].[CH3],3
Cc1nc(N(C)C2CC2)no1,3
C=CCON([C@H]1CN(C(=O)OC(C)(C)C)[C@H](CO[Si](C)(C)C(C)(C)C)C=C1C)S(=O)(=O)c1ccccc1[N+](=O)[O-],3
Cl.N#C[C@H]1CCCN1,3
OC(=Nc1ccnc(C(F)F)c1)Oc1ccccc1,3
O=c1ccc2ccc(F)cc2n1CCN1CCC(NCc2ccc3c(n2)N=C(O)CO3)CC1,3
O=[N+]([O-])c1nc2ccccc2[nH]1,3
CC(C)CN(CC(C)C)c1ccc(Br)cc1[N+](=O)[O-],3
CCOC(=O)C(C)(C)c1ccc(B2OC(C)(C)C(C)(C)O2)cc1,3
CCOC(=O)C(=O)CBr,3
CCCCS,3
C[S-].[Li+],3
C1CCOC1.CC(C)O,3
C1COCCO1.CO,3
CC(=O)OCC(COC(C)=O)OC(C)=O,3
[Cr].[O].[O].[O].c1ccncc1.c1ccncc1,3
CCCCCC.C[C](C)C.[Li],3
OC1=Nc2cccc(Br)c2C12COc1cc3c(cc12)OCO3,3
c1ccc2cnccc2c1,3
CCOC(=O)C(C)(C)Oc1ccc(O)cc1C,3
CCCCCCC.CCOCC,3
O=C(O)c1cc(O)ccc1O,3
O.O.[Cr].[Cr].[Na+].[Na+].[O-].[O-].[O].[O].[O].[O].[O],3
CC(C)CON=O,3
O=C(N=NC(=O)N1CCNCC1)N1CCNCC1,3
CCCCCCO,3
COC(O)=N[C@H](C(=O)N1CC(=O)C[C@H]1C(=O)OCc1ccccc1)C(C)C,3
Cc1ccc(S(=O)(=O)OCCC2OC(=O)CC23CCCCC3)cc1,3
CCc1ccccc1,3
C1=CC=C2OCO[C-]2C=1.[Br-].[Mg+2],3
O=P(O)(O)OC[C@H]1O[C@H](OP(=O)(O)O)[C@H](O)[C@@H](O)[C@@H]1O,3
O=C(O)c1cc(I)c(OCC23CC4CC(CC(C4)C2)C3)cc1F,3
CCC(=O)Cl,3
N[C@H](Cc1cnc[nH]1)C(=O)O,3
[Se],3
CC(C)(C)[C@H](N)C(=O)O,3
O=P(Cl)(Nc1ccccc1)Oc1ccccc1,3
O=S(=O)([O-])OOS(=O)(=O)O.[K+],3
O=BO[O-].[Na+],3
O=C(O)CBr,3
O=C1C=CC(=NNc2ccc(/C=C/c3ccc(NN=C4C=CC(=O)C=C4)cc3S(=O)(=O)[O-])c(S(=O)(=O)[O-])c2)C=C1.[Na+].[Na+],3
COc1ccc(N2CCNCC2)cc1.Cl.Cl,3
N#Cc1cccc(OCCCl)c1,3
CC(C)CC(C)O,3
C=C[C@H]1CN2CC[C@H]1C[C@H]2[C@H](O)c1ccnc2ccc(OC)cc12,3
CC(C)CN.Cl,3
CCOP(O)N(C(C)C)C(C)C,3
CC12CC3(C)OC(C)(CC(C)(O1)P3c1ccccc1)O2,3
NCP(=O)(O)O,3
Cc1c(Br)cccc1C(=O)N1CCC(N2CCCC2)CC1,3
CCOC(C)=O.O.[Cl-].[Na+],3
O=S(Cl)Cl.c1ccc2[nH]nnc2c1,3
CC[C@H](C)[C@H](N)C(=O)OC,3
NCCCl,3
FC(F)(F)C1(C(F)(F)F)OC(F)(F)C(F)(C2(F)OC(C(F)(F)F)(C(F)(F)F)OC2(F)F)O1,3
C[Si](C)(C)CCOCn1c(Br)cc2c(O)nncc21,3
c1ccc2ocnc2c1,3
C=CB1OB(C=C)OB(C=C)O1.c1ccncc1,3
[Cl-].[Cl-].[Cl-].[Sb+3],3
O=COC=O,3
CC(C)=O.ClCCl,3
Cc1cccc(Cl)c1N=C=O,3
O=Cc1ccccc1Cl,3
CCOC(CCCNC)OCC,3
O=[N+]([O-])[O-].O=[N+]([O-])[O-].O=[N+]([O-])[O-].[La+3],3
C1CCC(OC2CCCCO2)OC1,3
FC1(F)CCNCC1,3
Oc1cc(O)cc(O)c1,3
O=C(Cl)CCl,3
Cc1cccc(Br)n1,3
C[C@H]1Cn2ncc(N3CCCC3=O)c2CN1C(=O)OC(C)(C)C,3
CC(C)(C)c1ccc(CN)cc1,3
Nc1cc(Cl)ccc1S(=O)(=O)C1CC1,3
O=S(O)O,3
CCOC(=O)C[C@@H]1CCCc2c1n([C@@H](C)c1ccc(Cl)cc1)c1c(S(C)(=O)=O)cc(F)cc21,3
CC(C)CC(C)(C)C,3
O=Cc1ccccc1[N+](=O)[O-],3
NCCc1ccccc1,3
CN1CCN(C)CC1,3
C1CCOC1.O=S(=O)(O)O,3
Cl.O=C1CN[C@H](C(=O)OCc2ccccc2)C1,3
Cl.O.O=C([O-])[O-].[Na+].[Na+],3
O=C[C@H](O)[C@@H](O)[C@H](O)[C@H](O)COP(=O)(O)O,3
O=C(O)c1ccc(F)c(O)c1,3
C1CCOC1.CS(C)=O,3
CC1(C)OBOC1(C)C,3
CC(C)c1ccc(C(N)=S)cc1,3
C=Cc1ccc(O)cc1,3
C1CCN(C2CCNCC2)C1,3
CCO.CC[O-].[Na+],3
CN1CC(=O)OB(C2CC2)OC(=O)C1,3
[Na+].[Na+].[O-]Cl.[OH-],3
COC(=O)CC(=O)OC,3
COC(=O)C1CCC(c2ccc(N)cc2)C1,2
CCS(=O)(=O)c1ccc(N)cc1C#N,2
CCNc1ccccc1,2
O.O.O.O.O.O.O=c1ooooc(=O)c2ccccc12.[Mg],2
N#CC(=Cc1ccc(O)cc1)C(=O)O,2
O=C(Br)CBr,2
O=C(Cl)c1c(F)cccc1F,2
C=CCO[C@@H]1C[C@H](N)c2cc(OCCC)ccc21,2
Oc1ccc2c([C@@H](O)CNCC3(O)CCN(CCOCCc4ccccc4)CC3)ccc(O)c2n1,2
CC(C)(C)[Si](C)(C)OCC(O)Cc1ccc2c(c1O)CCC2,2
C[C@@H]1[C@@H](B(Cl)[C@H]2C[C@@H]3C[C@@H]([C@@H]2C)C3(C)C)C[C@@H]2C[C@H]1C2(C)C,2
CN(C)CCCCl.Cl,2
CCN(CC)CCCl,2
O=C(OC(=O)c1ccccc1S(=O)(=O)O)c1ccccc1S(=O)(=O)O,2
CC(C)(C)OOC(=O)c1ccccc1,2
CN(C)C#N,2
COC(C)(C)CC(C)(C#N)N=NC(C)(C#N)CC(C)(C)OC,2
Clc1cnc2ccccc2n1,2
COC(=O)[O-].COC(=O)[O-].[Mg+2],2
CCS.[Na],2
C[S+](C)[B-](Br)(Br)Br,2
COc1cc(Cc2nc3ccccc3c3nc(=N)[nH]n23)cc(OC)c1,2
CC(C)[C@@H]1CC[C@@H](C)C[C@H]1O,2
CCC(CC)CC1(C(=O)OC(=O)C2(CC(CC)CC)CCCCC2)CCCCC1,2
ClCC(Cl)(Cl)Cl,2
[C-]#[N+]CS(=O)(=O)c1ccc(C)cc1,2
C=C[C@H]1CN2CC[C@H]1C[C@H]2[C@H](O)c1ccnc2ccccc12,2
CCCCC(=O)Cl,2
CCOC(=O)[C@@H]1CC[C@@H](c2cc(C(F)(F)F)ccc2Cl)N1C(=O)OC(C)(C)C,2
c1cncnc1,2
CCOCCBr,2
FCCI,2
[Yb],2
CC(C)(C)[Si](C)(C)OCCBr,2
CCOC(C)=O.CO.N,2
OC1=NCCCCC1,2
CS(=O)(=O)c1ccc(N(CC2CCCC2)C(O)=Nc2nc(CC(=O)O)cs2)cc1,2
ClCCl.c1ccncc1,2
CCOC(=O)CCl,2
CN(C)CCc1c[nH]c2ccc(F)c(OCc3ccccc3)c12,2
COC(=O)[C@H]1[C@H]2C[C@@H]3c4[nH]c5cc(OC)ccc5c4CCN3C[C@H]2C[C@@H](OC(=O)c2cc(OC)c(OC)c(OC)c2)[C@@H]1OC,2
O=C(Cl)c1ccccc1Cl,2
N=C(S)c1ccccc1,2
C[N+](C)(C)[O-].O.O,2
CS(C)=O.O=C(Cl)C(=O)Cl,2
CCCCCCCCCCCCCCCC(=O)O,2
O=C(O)/C=C\C(=O)O,2
O.O.O.O.O.O.O.O.O.O.O.O.O=P([O-])([O-])O.[Na+].[Na+],2
CC(C)C(=O)Cl,2
O=S(=O)([O-])OOS(=O)(=O)[O-].[Na+].[Na+],2
CC(C)(C#N)/N=N/C(C)(C)C#N,2
[Mg+2].[OH-].[OH-],2
c1ccc(COCc2ccccc2)cc1,2
[Cl-].[Cr+2].[OH-].[O].[O].c1ccncc1,2
O=C(O)c1ccccc1I,2
Nc1ccc(N2CCOCC2)cc1,2
NCCN1CCOCC1,2
N=c1cco[nH]1,2
Nc1ccccc1Oc1ccc2c(c1)CCC(c1ccccc1)O2,2
BrBr.O,2
C1CC(N2CCNCC2)C1.Cl.Cl,2
[Al+3].[I-].[I-].[I-],2
C=C(OP(=O)(O)O)C(=O)O,2
O=P([O-])([O-])[O-].[NH3+]O.[NH3+]O.[NH3+]O,2
N#C[S-].[K+],2
CC1=CCC2CC1C2(C)C,2
OC1=NC(O)=NC1,2
C[Si](C)(C)[Si](C)(C)C,2
O=[N+]([O-])c1cccc(B(O)O)c1,2
F.FB(F)F,2
CC1(C)CCC=C1B1OC(C)(C)C(C)(C)O1,2
C1CCOC1.N,2
O=[N+]([O-])c1cc(Cl)ccc1Cl,2
Cc1cc(C)c([IH+])c(C)n1.Cc1cc(C)nc(C)c1.F[P-](F)(F)(F)(F)F,2
Brc1cccnc1,2
CC(=O)OC[C@H]1O[C@@H](n2cnc3c(Cl)nc(Cl)nc32)[C@H](OC(C)=O)[C@@H]1OC(C)=O,2
C[Si](C)(C)[O-].[Na+],2
NC(=O)c1cc(Oc2cccc(N)c2)ccn1,2
CC(=O)C1=CN(CCc2ccccc2)CCC1,2
CC(=O)[O-].[Tl+],2
Cc1ccc(S(=O)(=O)O)cc1.Cl.N=c1ccc(N=Nc2ccccc2)c(N)[nH]1,2
[Sr],2
O=C(O)CCCC[C@@H]1SC[C@@H]2N=C(O)N[C@@H]21,2
NCCCCCC(=O)O,2
NCCc1ccc(O)c(O)c1,2
COc1ccc2c(c1)c(CC(=O)O)c(C)n2C(=O)c1ccc(Cl)cc1,2
O=C(O)CN(CCN(CC(=O)O)CC(=O)O)CCN(CC(=O)O)CC(=O)O,2
CO[Si](CCCN)(OC)OC,2
COCCBr,2
O=S(=O)(O)NC1CCCCC1,2
CCC(C)(C)[O-].[K+],2
Cl.N=C(O)CN,2
[Al].[CH2]C(C)C.[CH2]C(C)C,2
C1CCOC1.CC(C)OC(C)C,2
CN(C)C(=O)N(C)C,2
C[Si](C)(C)CCOCCl,2
COc1ccc(Br)cn1,2
C[C@H]1CC(=O)C=C2CC[C@H]3[C@@H]4CC[C@H](O)[C@@]4(C)CC[C@@H]3[C@]21CO,2
O=C(c1ccc(F)cc1)c1ccc(F)cc1,2
OCc1c(Cl)cncc1Cl,2
O=C(Cl)c1cccc(C(=O)Cl)c1,2
O=C([O-])C(F)(F)F.[Na+],2
O=P(O)(O)P(=O)(O)O,2
CCC1CO1,2
[NH4+].[N]N=[N-],2
CCCCOP(OCCCC)OCCCC,2
CC[N+](CC)(CC)Cc1ccccc1.[OH-],2
Oc1ccc(O)c2ccccc12,2
O=C(O)[C@@H]1CCC(O)=N1,2
O=S1(=O)N=C(O)c2ccccc21,2
Fc1cccc(Br)c1,2
[O].[Pb],2
CN=C([S-])S.[Na+],2
C=Cc1ccc(C=C)cc1.C=Cc1ccccc1.CCN(CC)P1(=NC(C)(C)C)N(C)CCCN1Cc1ccccc1,2
O=C(O)c1cc(Nc2cccc(Cl)c2)c(C(=O)O)cc1Nc1cccc(Cl)c1,2
CC(C)C[C@H](N=C(O)OC(C)(C)C)C(=O)O,2
Cl.ClCCN1CCCC1,2
CC(C)S(=O)(=O)Cl,2
CCCCCl,2
BrCCOc1ccccc1,2
O.[Cs+].[OH-],2
Cc1ncc[nH]1,2
COc1ccc(CCl)cc1,2
COC(=O)C(C)(C)N=NC(C)(C)C(=O)OC,2
CC(C)(C)OOOC(=O)C(C)(C)C,2
OCC(CO)(CO)CO,2
COC(=O)c1cc(N(Cc2ccc(C3CCCCC3)cc2)C(=O)c2ccc(Oc3ccccc3)cc2)ccc1O,2
C1CCOC1.CC(C)(C)O.O,2
O=[Se],2
CCCCB(CCCC)OS(=O)(=O)C(F)(F)F,2
N=C(O)C1CC1,2
C[N+](C)(C)C.[OH-],2
BrCc1cccc(Oc2ccccc2)c1,2
CN(C)c1ccncc1.CN(C)c1ccncc1,2
Cl.NNc1ccc(Cl)cc1,2
Cc1nc2ccccc2[nH]1,2
CCOC(=O)c1ccc(O)cc1,2
CC(C)(C)O.CC(C)(C)[O-].[K+],2
COC1=NS(=O)(=O)N=C1OC,2
CCC(C)[BH-](C(C)CC)C(C)CC.[Na+],2
N#CCCCCN(OCc1ccccc1)C(=O)CCCCCl,2
O=C1c2ccccc2C(=O)c2ccccc21,2
CCN(C=O)CC,2
CC(C)(c1ccccc1)c1ccc(O)cc1,2
CC(C)(C)[Si](C)(C)O[C@@H](CN)c1ccc(O)c2nc(O)ccc12,2
C1CCNCC1.ClCCl,2
C[P+](c1ccccc1)(c1ccccc1)c1ccccc1.[I-],2
CC1(C)C2CC[C@]1(CS(=O)(=O)O)C(=O)C2,2
Cc1ccc(C(C)C)cc1,2
CN(C)CCCl.Cl,2
[Cl-].[Cs+],2
Cc1ccccc1.O,2
CC(=O)c1ccc(O)nc1C,2
Cc1c(C2(c3cc(Br)c(O)c(Br)c3C)OS(=O)(=O)c3ccccc32)cc(Br)c(O)c1Br,2
[Al].[CH2]C(C)C.[CH2]C(C)C.[CH2]C(C)C,2
CCN(CC)P1(=NC(C)(C)C)NCCCN1C,2
C=C=O,2
CC(C)(C)C1=CC(=O)C(=O)C(C(C)(C)C)=C1,2
O=C(Cn1ccc(OCc2ccccc2)cc1=O)c1ccc(CO)cc1,2
N=c1ccn([C@H]2C[C@H](O)[C@@H](COP(=O)(O)OP(=O)(O)OP(=O)(O)O)O2)c(O)n1,2
CSCC=COC(C)=O,2
C#CC(C)(C)O,2
C[N+](C)(C)[O-],2
CCCCCCCCCCN,2
N.O=PO,2
CO[SiH](OC)OC,2
N=c1cc[nH]c(=N)[nH]1,2
[CH2]CCC.[CH2]CCC.[CH2]CCC.[CH2]CCC.[Cl-].[Cl-].[O].[Sn+].[Sn+],2
C=COCCCCCCCC,2
Nc1cccc(N)c1,2
N#CCc1ccccc1,2
O=S(=O)(Cl)c1ccc(F)cc1,2
O=C(Oc1ccccc1)Oc1ccccc1,2
CCN(C(C)C)C(C)C.CCN(C(C)C)C(C)C,2
CCC#N,2
CC(C)(C#N)N=NC(C)(C)C#N.O=C1CCC(=O)N1Br,2
COC(=O)c1ccc(CBr)cc1,2
COCCOCCOCCOC,2
CCN(CCN=C(O)c1cnc2cc(I)ccc2n1)CCOc1cccnc1F,2
Fc1ccc(CBr)cc1,2
c1cnccn1,2
Oc1cccc(Cl)c1,2
CC(=O)N1Cc2cc(F)c(Cl)nc2C=Cc2ccccc21,2
O=Cc1ccccn1,2
O=[N+]([O-])c1ccc([C@@H](O)[C@@H](CO)N=C(O)C(Cl)Cl)cc1,2
C#CCN=C(O)OC(C)(C)C,2
BrCCCCCCBr,2
BrC/C=C/CBr,2
CCO.ClCCl.N,2
Brc1cnc(I)nc1,2
C(=NCCN1CCOCC1)=NC1CCCCC1,2
CCOC(C)=N.Cl,2
COc1ccc(Cl)cc1,2
[Mg+2].[O-][Cl+3]([O-])([O-])[O-].[O-][Cl+3]([O-])([O-])[O-],2
ICCCCI,2
[Na+].[S-]c1ccccc1,2
COC(=O)c1cc(B2OC(C)(C)C(C)(C)O2)c(C)cc1C,2
CC(C)(C)N=P(N1CCCC1)(N1CCCC1)N1CCCC1,2
O.O.O.O=P([O-])([O-])O.[K+].[K+],2
[Li+].[c-]1cccc2ccccc12,2
COCC(=O)CC(=O)OC,2
C1CCOC1.Cl,2
Nc1ccc(F)cc1F,2
OCCCBr,2
CCC(C)(C#N)N=NC(C)(C#N)CC,2
CN1C(=O)[C@H](Cc2ccccc2)N[C@@H]1C(C)(C)C,2
O=C(O)O,2
CCOP(=O)(Cc1ccc(Nc2ncc(C(F)(F)F)c(Cl)n2)cc1)OCC,2
CC(=O)c1ncc[nH]1,2
Cl.N#CC1(N)CC1,2
C=CC(=O)OC(C)(C)C,2
NN1CCCCC1,2
O=C(/C=C/c1ccccc1)/C=C/c1ccccc1.O=C(/C=C/c1ccccc1)/C=C/c1ccccc1.O=C(/C=C/c1ccccc1)/C=C/c1ccccc1.[Pd].[Pd],2
O.O.O.O=[N+]([O-])[O-].O=[N+]([O-])[O-].O=[N+]([O-])[O-].[Tl+3],2
CC(=O)O.O,2
F[B-](F)(F)F.F[B-](F)(F)F.O[N+]12CC[N+](F)(CC1)CC2,2
OB(O)c1ccncc1,2
O=C(O)[C@H]1CCCN1,2
Oc1cccnn1,2
N[C@H]1CCCC[C@@H]1O,2
CN(C(=O)OC(C)(C)C)[C@H]1CCNC1,2
Cc1ccc(S(=O)(=O)OS(=O)(=O)c2ccc(C)cc2)cc1,2
CCOC(=O)/C=C\C(=O)OCC,2
CC[N+](CC)(CC)CC.[OH-],2
O=C(CBr)c1ccc(CO)cc1,2
CC(C)(C)OC(=O)N1CCCC1C(O)=Nc1c(C(=N)O)oc2ccc(Br)cc12,2
BrC1CC1,2
COCCOC(=O)/N=N/C(=O)OCCOC,2
[CH3].[CH3].[Zn],2
Nc1cccc(Br)n1,2
CCCCCO[N+](=O)[O-],2
COC1=C(c2ccccc2)C(OC)(P(C2CCCCC2)C2CCCCC2)CC=C1,2
CC(C)C,2
CNCCN,2
O=C([O-])c1ccccc1.[K+],2
COc1ccc(B(O)O)cn1,2
CCCCn1cc[n+](C)c1.F[P-](F)(F)(F)(F)F,2
C1CCOC1.CC#N,2
CC(C)(C)OC(=O)N1CC=C(B2OC(C)(C)C(C)(C)O2)CC1,2
O=C1NCCn2nc(COc3ccccc3)cc21,2
CCN(CC)CCOc1ccc(Cc2ccccc2)cc1.Cl,2
Nc1ccc(F)c(Cl)c1,2
CCOC(=O)c1ccn(C(C)C)c1C(O)c1ccc(Cl)cc1,2
Oc1nc(O)nc(O)n1,2
COC(OC)(C(=O)c1ccccc1)c1ccccc1,2
O=C1OC(=O)[C@@H]2CCCC[C@H]12,2
COC(=O)c1c(Cl)c(Cl)c(C(=O)OC)c(Cl)c1Cl,2
O=P(O)(O)OC[C@H]1O[C@@H](O)[C@H](O)[C@@H](O)[C@@H]1O,2
CC(C)CN,2
O=C(O)COc1ccccc1,2
C1CN2CCC1CN2,2
CCCCCCCCCCCCCCCC,2
C[Si](C)(C)OP(=O)=O,2
O=S(=O)(Nc1c(Nc2ccc(I)cc2F)c(F)c(F)c2ncoc12)C1CC1,2
[P],2
C1CCOC1.CCCCCC,2
CC(C)=O.CCOCC,2
O=C(O)c1ccccc1C(=O)OO,2
O.[Na],2
C[Si](C)(C)S[Si](C)(C)C,2
Br.O,2
C[C@@H]1C2CCC(C[C@H]1B(Cl)[C@@H]1CC3CCC([C@H]1C)C3(C)C)C2(C)C,2
CC(=O)OC=O,2
CC[O-].CC[O-].[Mg+2],2
c1ccc2c(c1)[nH]c1ccccc12,2
IB(I)I,2
O=C(O)C1CCCCC1,2
COc1ccc(C(=CC#N)c2ccc(OC)c(OC)c2)cc1,2
CC1=CC([O-])=NS(=O)(=O)O1.[K+],2
O=Cc1ccc(O)cc1,2
O=S(=O)([O-])[O-].[K+].[K+],2
CS(=O)(=O)c1ccc(NCC2CCCC2)cc1,2
Oc1cccc(O)c1,2
CCN=C=NC(CCNC)NC.Cl,2
C1CCC(NC2CCCCC2)CC1.CCCCC(F)(F)C(O)CC[C@H]1[C@H](O)CC(=O)[C@@H]1CCCCCCC(=O)O,2
CCN=C=NC(N)CC(C)C.Cl,2
[Ba+2].[O-2],2
O=C([O-])N=NC(=O)[O-].[K+].[K+],2
O=P1([O-])OP(=O)([O-])OP(=O)([O-])OP(=O)([O-])O1.[Na+].[Na+].[Na+].[Na+],2
CCCCCC.CCOC(C)=O.CO,2
CC(C)N(C)C(C)C,2
O=P(Cl)(Cl)OCl,2
CCP(=O)(C#N)CC,2
N#Cc1cccnc1,2
[Bi+3].[Cl-].[Cl-].[Cl-],2
O=C1OI(=O)(O)c2ccccc21,2
O=C(O)CCCCC(=O)O,2
Clc1nc(NCC(c2ccccc2)c2ccccc2)c2ncnc-2[nH]1,2
FC(F)(F)c1ccc(C2=CCNCC2)cc1,2
CCCCC(C=O)CC,2
C[Si](C)(C)O[Si](C)(C)C,2
COc1nnnc(OC)c1Cl,2
O=C(O)c1cccc2ccccc12,2
C=CCc1ccc2c(c1OCc1ccccc1)CCC2,2
CC(C)O.O,2
C[Si](C)(C)OO[Si](C)(C)C,2
CO.O=C=O,2
O=C([O-])[O-].[Ba+2],2
OC[C@@H](O)[C@@H](O)[C@H](O)[C@@H](O)CO,2
BrBr.CC(=O)O,2
c1ccc(Pc2ccccc2)cc1,2
O=[N+]([O-])c1ccc(O)cc1,2
C1CCOC1.[BH4-].[Li+],2
C1CCOC1.CCCCCCC,2
CC(=O)Cc1ccccn1,2
O=C1C=CC(=O)O1,2
CC(C)C1=CC(C(C)C)=C(c2ccccc2)C(C(C)C)(P(C(C)(C)C)C(C)(C)C)C1,2
Nc1ccccn1,2
CS(=O)[O-].[Na+],2
O=S(=O)(On1nnc2ccc(Cl)cc21)c1ccc(Cl)cc1,2
O=C([O-])[O-].[Sr+2],2
CC(O)c1ccccc1,2
[CH2]CCC.[CH2]CCC.[CH2]CCC.[Cl-].[Sn+],2
CCN=C=NCCCN(C)C.Cl.Cl,2
CN1CCCCC1.Cl,2
Cn1ccn(C)c1=[Cl+].[Cl-],2
CC(C)(C)C(=O)OC(=O)C(C)(C)C,2
C[C@@H]1[C@H]2C[C@@H](C[C@H]1B(Cl)[C@@H]1C[C@@H]3C[C@H]([C@H]1C)C3(C)C)C2(C)C,2
CC(C)(C)OC(=O)N1CC[C@@H](O)C1,2
CC(O)S,2
CC(C)Cc1ccc(C(C)C(=O)Oc2ccc(C(=O)OCC(O)CO)cc2)cc1,2
CC(C)(S)[C@H](N)C(=O)O,2
Nc1ccc(F)cc1,2
Cl.ClCCCN1CCCCC1,2
O=C(O)C1CC=CCC1,2
N#CC(Cl)(Cl)Cl,2
CCOC(=O)CNc1ncccc1[N+](=O)[O-],2
OB(O)c1ccccc1Cl,2
CSCC[C@@H](N)C(=O)O,2
CCCCCCCC(=O)O,2
O=C1C=CC(=O)c2ccccc21,2
OCC1CO1,2
C1CCOC1.[Al+].[CH2]C(C)C.[CH2]C(C)C.[H-],2
Cc1ccccc1Cl,2
[O-][n+]1ccc(CCCc2ccccc2)cc1,2
CCCCCCCCCC,2
CC(C)=O.CCOC(C)=O,2
CCCCC.CCOC(C)=O,2
O=Cc1ccccc1O,2
B.Cc1ccccn1,2
CC(=O)[O-].O.[Na+],2
Cc1cc(Cc2cc(C)cc(C(C)(C)C)c2O)c(O)c(C(C)(C)C)c1,2
CC(CN)C(=O)O,2
CC(C)=O.ClC(Cl)Cl,2
C#CCBr,2
COc1ccc([C@@H]2O[C@H]2C(=N)O)cc1,2
O.O=CC(F)(F)F,2
C=CC[Si](C)(C)C,2
O.O.O.O.O.O.O.O=S([O-])[O-].[Na+].[Na+],2
C1=CCCC=C1,2
[I-],2
O=C(O)CCc1ccccc1,2
CCCCCCCCCCCC(=O)Cl,2
O=COO,2
CCOCC.O,2
CC(C)(C)OC(O)=NCC(=O)O,2
CC(C)OC(=O)[N+](=[N-])C(=O)OC(C)C,2
NC[C@H]1C[C@@H](O)C1,2
Oc1ccc2nn[nH]c2n1,2
CNC.CO,2
O=[N+]([O-])c1ccc(NO)c([N+](=O)[O-])c1,2
O=C(O)c1ccccc1C(=O)O,2
CCP(CC)CC,2
CCN(C)CC,2
Cc1cn([C@H]2C[C@H](O)[C@@H](COP(=O)(O)OP(=O)(O)OP(=O)(O)O)O2)c(=O)nc1O,2
CCCCCCCCCCCCCCC,2
OC1=NCCO1,2
O=C(Nc1ccc(O)cc1)c1cc(Cl)ncn1,2
ClCBr,2
Cl.N.O,2
CCOC(=O)OCC,2
O=c1ccccn1O,2
CCOC(C)=O.O=S(=O)([O-])O.[K+],2
O=C([O-])CN(CCN(CC(=O)O)CC(=O)O)CC(=O)[O-].[Na+].[Na+],2
Oc1ncnc2ccccc12,2
Clc1ccc(Cl)c(Cl)c1,2
C=C[C@H]1CN2CCC1C[C@@H]2[C@@H](O)c1ccnc2ccc(OC)cc12,2
CC(C)=O.O,2
Cc1cc2cccnc2c2ncccc12,2
[SiH3]O[SiH3],2
C1CCOC1.C1CCOC1.C1CCOC1.[Cl-].[Cl-].[Cl-].[Cr+3],2
C=CCl,2
O=C([O-])C(O)C(O)C(=O)[O-].[Na+].[Na+],2
CC(C)(C)N.I,2
C[C@H]1C2CC(C[C@@H]1B(Cl)[C@H]1CC3CC([C@@H]1C)C3(C)C)C2(C)C,2
CO.Cc1ccccc1,2
N[C@H]1CC[C@H](O)CC1,2
Cl.c1c[nH]cn1,2
O=P([O-])([O-])[O-].O=P([O-])([O-])[O-].[Ca+2].[Ca+2].[Ca+2],2
CCCCB(CCCC)CCCC,2
[Br-],2
CCCCCCCCCCCCC[N+](C)(C)Cc1ccccc1.[Cl-],2
SCc1ccccc1,2
CO.ClC(Cl)Cl.N,2
CCN(CC)[S+](F)F.F[B-](F)(F)F,2
O=S(=O)(O)CCN1CCN(CCO)CC1,2
Cc1ccccc1Br,2
C=C(C)OC,2
OC(=NC1CCCCC1)NC1CCCCC1,2
[Li+].[Li+].[S-2],2
O=C1CCCC(c2ccc(I)cc2)C1,2
COCCl,2
CCN=C=NCC(C)N(C)C.Cl,2
CC(C)(C)P(C(C)(C)C)C1(C)CC1(c1ccccc1)c1ccccc1,2
C[Si](C)(C)[SiH]([Si](C)(C)C)[Si](C)(C)C,2
C1CCOC1.CN,2
Cc1cccnc1N,2
CO.O=S(=O)(O)O,2
O=C(O)c1ccc([N+](=O)[O-])cc1,2
CCCC(C)C.CCOCC,2
CN(C)O.Cl,2
CC(=O)[O-].CC(=O)[O-].[Ca+2],2
O=[PH]([O-])[O-].[K+].[K+],2
CCOCn1nnnc1Cc1cccc(O)c1,2
O=Cc1ccc(F)cc1Cl,2
O=Cc1c(F)cccc1Cl,2
CC(C)C(=O)C1CCCCC1=O,2
CN(C)P(N(C)C)[NH+](C)C.F[P-](F)(F)(F)(F)F,2
O=C(O)c1ccc([N+](=O)[O-])cc1[N+](=O)[O-],2
ClC(Cl)(Br)C(Cl)(Cl)Br,2
CN(C)CCCN(C)C,2
NOP(=O)(c1ccccc1)c1ccccc1,2
CCCCC.C[C](C)C.[Li],2
CC(=O)OC[C@H]1O[C@H](Oc2ccc(Br)cc2Cl)[C@@H](OC(C)=O)[C@@H](OC(C)=O)[C@@H]1OC(C)=O,2
O=C(O)C(O)c1ccccc1,2
CCCCCCCCC,2
CC(C)OC(=O)/N=N/C(=O)OC(C)C.Cc1ccccc1,2
Cc1ccc([SH](=O)=O)cc1,2
NO.O,2
C[NH+](C)C.[BH3-]C#N,2
CC(=O)O.ClCCl,2
N=C(O)Cl,2
OCCCO,2
O=C(O)[C@H](O)[C@@H](O)C(=O)O,2
[CH2]CCC.[CH2]CCC.[CH2]CCC.[CH2]CCC.[CH2]CCC.[CH2]CCC.[Sn].[Sn],2
O=S(=O)(Cl)c1cccc2c(Cl)ncc(Br)c12,2
CC(C)Oc1cccc(OC(C)C)c1-c1ccccc1P(C1CCCCC1)C1CCCCC1,2
N#Cc1cc(Br)ccc1OCC(=N)O,2
CCN(C(C)C)C(C)C.F.F.F,2
CCN(CC)CCNC(=O)c1cc2c(I)cccc2s1,2
CN(N=O)C(=N)N[N+](=O)[O-],2
O.O.O.O.O.O.O=[N+]([O-])[O-].O=[N+]([O-])[O-].O=[N+]([O-])[O-].[La+3],2
CC(N)Cc1ccccc1.O=P(O)(O)O,2
O=C(O)c1cnc2c(Cl)cc(Cl)nn12,2
CC(Br)c1ccccc1,2
COCCOCCO,2
[CH3].[Cl-].[Zn+],2
COC(=O)c1cc(Br)n(C(C)C)c1C(O)c1ccc(Cl)cc1,2
Cn1cc(Cl)cc(N)c1=O,2
C[Si](C)(C)C(F)(F)F,2
[Al+3].[Al+3].[Al+3].[Cl-].[Cl-].[Cl-].[Cl-].[Cl-].[Cl-].[Cl-].[Cl-].[Cl-],2
NCC1CCC1,2
C1CCOC1.CC(C)(C)[O-].[K+],2
O=CN1CCNCC1,2
C=Cc1ccccc1Cl,2
Cc1ccccc1.[Al].[CH2]C(C)C.[CH2]C(C)C.[H],2
O.O.O.O.O.O.[Cl-].[Cl-].[Mg+2],2
[C-]#[N+]c1ccc(Cl)cc1,2
O=C1C(Cl)=C(Cl)C(=O)c2ccccc21,2
CC(C)O.CCCCCC,2
N.On1n[nH+]c2ccccc21,2
O=NO,2
O=[As]O[As]=O,2
Cc1ccc(S(=O)(=O)[N-]Cl)cc1.O.O.O.[Na+],2
CCC(C)([O-])CC.O=C([O-])CC(=O)[O-].[Mg+3],2
COC(=O)[C@H](Cc1ccccc1)N=C(O)[C@@H](N)CC(=O)O,2
CC#N.ClCCl,2
CO.ClC(Cl)Cl.N.O,2
COC(=O)c1cccc(C(=O)O)c1,2
O=Cc1cn(CC(O)=NCc2ccccc2)c2ccccc12,2
O=B[O-].[Na+],2
C[CH]C.C[CH]C.[Al+].[H-],2
OC1=NCC1,2
SCCS,2
N=C(O)CBr,2
C=CC(=O)O,2
C=CC(=O)OCC,2
COC(=O)C(=O)Cl,2
c1cnc2ncccc2c1,2
O.S.[Na],2
ClC(c1ccccc1)(c1ccccc1)c1ccccc1,2
CC(C)CC(O)CO,2
CN(C)CCCN=C=N.Cl,2
c1nnco1,2
CCN1CCCCC1,2
CCCCCCCCCC(C)C,2
[CH2]C=C.[Cl-].[Mg+],2
O=CN1CCCCC1,2
Cl[Se]c1ccccc1,2
CC1(C)CCCC(C)(C)[N-]1.[Li+],2
O=C([O-])c1ccccc1.[Na+],2
[Na+].[Na+].[S-][S-],2
c1ccc2c(c1)CCCC2,2
CCN=C=NCCC(NC)NC.Cl,2
CC(C)(C)c1ccc(O)cc1,2
B1C2CCCC1CCC2.C1CCOC1,2
CCOC=C(C(=O)OCC)C(=O)OCC,2
c1ccc2scnc2c1,2
NCCCC[C@@H](N)C(=O)O,2
Oc1ccc2ccccc2c1,2
OC[C@H]1OC(O)[C@H](O)[C@@H](O)[C@@H]1O,2
CO[C@@H]1CN(C(=O)OC(C)(C)C)[C@H](C(=O)O)[C@H]1F,2
CC[C@@H](C)[C@@]1(N=C(C)O)CCN([C@@H](CCc2ccccc2)C(=O)O)C1=O,2
O=Cc1ccc(Cl)cc1,2
O=C(O)c1ccc(O)cc1,2
O=C(Cl)CCc1ccccc1,2
CCCCCCCCCCCC(=O)O,2
O=C(Cl)Cc1cccs1,2
OC(c1ccccc1)(c1ccccc1)[C@H]1CCCN1,2
Nc1cc(Cl)c(C(F)(F)F)cc1[N+](=O)[O-],2
[C-]#[C-].[Li+].[Li+],2
B.[Al+3].[Cl-].[Cl-].[Cl-],2
CCCC(=O)OC,2
Cc1ccc(COC(O)=NN=C(O)c2cnccn2)cc1,2
Clc1ncccn1,2
[Na+].[Na+].[Na+].[Na+].[Na+].[Na+].[Na+].[Na+].[Na+].[Na+].[Na+].[Na+].[O-]B([O-])[O-].[O-]B([O-])[O-].[O-]B([O-])[O-].[O-]B([O-])[O-],2
CC#N.O=C(O)C(F)(F)F,2
BrCCCc1ccccc1,2
B.CCc1ccc(C)nc1,2
CCCC[C]=C(CCCC)CCCC.[Sn],2
O=C([O-])CO,2
CCCC(=O)OC[C@H]1CO1,2
O=C(O)CN(CCOCCOCCN(CC(=O)O)CC(=O)O)CC(=O)O,2
CC(C)(C)[Si](C)(C)Cl,2
Nc1ccc(Cl)cc1,2
O=C(O)CCC(=O)C(=O)O,2
CC(C)OB1OC(C)(C)C(C)(C)O1,2
C[Si](Cl)(Cl)Cl,2
Oc1ccc(S)cc1,2
ClCc1ccccc1,2
CC(C)(C)OC(=O)OC(C)(C)C,2
OC[C@H]1OC=C[C@@H](O)[C@@H]1O,2
O=C(O)c1cc[nH]n1,2
C=C[C@H]1CN2CC[C@H]1C[C@@H]2[C@@H](O)c1ccnc2ccccc12,2
CN(C(=O)OC(C)(C)C)C1CCNC1,2
Cl.N[C@@H]1CCCC[C@H]1O,2
C1COCCOCCOCCO1,2
COc1cc(N)c(C=C(C)C(O)=NCCc2ccccc2)cc1OC,2
O=[N+]([O-])[O-].O=[N+]([O-])[O-].[Cu+2],2
Fc1nc(F)nc(F)n1,2
